<?xml version="1.0" encoding="utf-8"?>
<odoo>
    <data noupdate="1">

        <record id="op_admission_1" model="op.admission">
            <field name="title" ref="base.res_partner_title_miss" />
            <field name="name">Sumita</field>
            <field name="middle_name">S</field>
            <field name="last_name">Dani</field>
            <field name="gender">f</field>
            <field name="email">sumitasdani@demo.com</field>
            <field name="fees">100000.0</field>
            <field name="state">done</field>
            <field name="birth_date">1992-05-06</field>
            <field name="country_id" ref="base.in" />
            <field name="student_id" ref="openeducat_core.op_student_1" />
            <field name="course_id" ref="openeducat_core.op_course_2" />
            <field name="batch_id" ref="openeducat_core.op_batch_1" />
            <field name="application_number">AD046</field>
            <field name="fees_term_id" ref="openeducat_fees.op_fees_term_1" />
            <field name="register_id" ref="op_admission_register_1" />
            <field name="application_date" eval="'%s-04-11' %(datetime.now().year-1)" />
            <field name="admission_date" eval="'%s-05-03' %(datetime.now().year-1)" />
            <field name="image" type="base64"
                file="openeducat_admission/static/img/student_1.jpg" />
        </record>

        <record id="op_admission_2" model="op.admission">
            <field name="title" ref="base.res_partner_title_mister" />
            <field name="name">Xun</field>
            <field name="middle_name">K</field>
            <field name="last_name">Chua</field>
            <field name="gender">m</field>
            <field name="email">xunkchua@demo.com</field>
            <field name="fees">100000.0</field>
            <field name="state">done</field>
            <field name="birth_date">1989-11-05</field>
            <field name="country_id" ref="base.cn" />
            <field name="student_id" ref="openeducat_core.op_student_2" />
            <field name="course_id" ref="openeducat_core.op_course_2" />
            <field name="batch_id" ref="openeducat_core.op_batch_1" />
            <field name="application_number">AD045</field>
            <field name="fees_term_id" ref="openeducat_fees.op_fees_term_1" />
            <field name="register_id" ref="op_admission_register_1" />
            <field name="application_date" eval="'%s-04-22' %(datetime.now().year-1)" />
            <field name="admission_date" eval="'%s-05-13' %(datetime.now().year-1)" />
            <field name="image" type="base64"
                file="openeducat_admission/static/img/student_2.jpg" />
        </record>

        <record id="op_admission_3" model="op.admission">
            <field name="title" ref="base.res_partner_title_miss" />
            <field name="name">Liling</field>
            <field name="middle_name">I</field>
            <field name="last_name">Boon</field>
            <field name="gender">f</field>
            <field name="email">lillingiboon@demo.com</field>
            <field name="fees">100000.0</field>
            <field name="state">done</field>
            <field name="birth_date">1991-03-12</field>
            <field name="country_id" ref="base.hk" />
            <field name="student_id" ref="openeducat_core.op_student_3" />
            <field name="course_id" ref="openeducat_core.op_course_2" />
            <field name="batch_id" ref="openeducat_core.op_batch_1" />
            <field name="application_number">AD044</field>
            <field name="fees_term_id" ref="openeducat_fees.op_fees_term_1" />
            <field name="register_id" ref="op_admission_register_1" />
            <field name="application_date" eval="'%s-04-08' %(datetime.now().year-1)" />
            <field name="admission_date" eval="'%s-05-19' %(datetime.now().year-1)" />
            <field name="image" type="base64"
                file="openeducat_admission/static/img/student_3.jpg" />
        </record>

        <record id="op_admission_4" model="op.admission">
            <field name="title" ref="base.res_partner_title_miss" />
            <field name="name">Prachi</field>
            <field name="middle_name">U</field>
            <field name="last_name">Dani</field>
            <field name="gender">f</field>
            <field name="email">prachisdani@demo.com</field>
            <field name="fees">100000.0</field>
            <field name="state">done</field>
            <field name="birth_date">1991-05-16</field>
            <field name="country_id" ref="base.in" />
            <field name="student_id" ref="openeducat_core.op_student_4" />
            <field name="course_id" ref="openeducat_core.op_course_2" />
            <field name="batch_id" ref="openeducat_core.op_batch_1" />
            <field name="application_number">AD043</field>
            <field name="fees_term_id" ref="openeducat_fees.op_fees_term_1" />
            <field name="register_id" ref="op_admission_register_1" />
            <field name="application_date" eval="'%s-04-24' %(datetime.now().year-1)" />
            <field name="admission_date" eval="'%s-05-09' %(datetime.now().year-1)" />
            <field name="image" type="base64"
                file="openeducat_admission/static/img/student_4.jpg" />
        </record>

        <record id="op_admission_5" model="op.admission">
            <field name="title" ref="base.res_partner_title_mister" />
            <field name="name">Valdez</field>
            <field name="middle_name">L</field>
            <field name="last_name">Cisse</field>
            <field name="gender">m</field>
            <field name="email">valdezlcisse@demo.com</field>
            <field name="fees">100000.0</field>
            <field name="state">done</field>
            <field name="birth_date">1991-09-12</field>
            <field name="country_id" ref="base.km" />
            <field name="student_id" ref="openeducat_core.op_student_5" />
            <field name="course_id" ref="openeducat_core.op_course_3" />
            <field name="batch_id" ref="openeducat_core.op_batch_2" />
            <field name="application_number">AD042</field>
            <field name="fees_term_id" ref="openeducat_fees.op_fees_term_1" />
            <field name="register_id" ref="op_admission_register_1" />
            <field name="application_date" eval="'%s-04-20' %(datetime.now().year-1)" />
            <field name="admission_date" eval="'%s-05-16' %(datetime.now().year-1)" />
            <field name="image" type="base64"
                file="openeducat_admission/static/img/student_5.jpg" />
        </record>

        <record id="op_admission_6" model="op.admission">
            <field name="title" ref="base.res_partner_title_mister" />
            <field name="name">Matthew</field>
            <field name="middle_name">K</field>
            <field name="last_name">Aybar</field>
            <field name="gender">m</field>
            <field name="email">matthewkaybar@demo.com</field>
            <field name="fees">100000.0</field>
            <field name="state">done</field>
            <field name="birth_date">1990-12-12</field>
            <field name="country_id" ref="base.es" />
            <field name="student_id" ref="openeducat_core.op_student_6" />
            <field name="course_id" ref="openeducat_core.op_course_3" />
            <field name="batch_id" ref="openeducat_core.op_batch_2" />
            <field name="application_number">AD041</field>
            <field name="fees_term_id" ref="openeducat_fees.op_fees_term_1" />
            <field name="register_id" ref="op_admission_register_1" />
            <field name="application_date" eval="'%s-04-22' %(datetime.now().year-1)" />
            <field name="admission_date" eval="'%s-05-05' %(datetime.now().year-1)" />
            <field name="image" type="base64"
                file="openeducat_admission/static/img/student_6.jpg" />
        </record>

        <record id="op_admission_7" model="op.admission">
            <field name="title" ref="base.res_partner_title_mister" />
            <field name="name">Dawud</field>
            <field name="middle_name">L</field>
            <field name="last_name">Bitar</field>
            <field name="gender">m</field>
            <field name="email">dawudlbitar@demo.com</field>
            <field name="fees">100000.0</field>
            <field name="state">done</field>
            <field name="birth_date">1990-09-01</field>
            <field name="country_id" ref="base.sa" />
            <field name="student_id" ref="openeducat_core.op_student_7" />
            <field name="course_id" ref="openeducat_core.op_course_3" />
            <field name="batch_id" ref="openeducat_core.op_batch_2" />
            <field name="application_number">AD040</field>
            <field name="fees_term_id" ref="openeducat_fees.op_fees_term_1" />
            <field name="register_id" ref="op_admission_register_1" />
            <field name="application_date" eval="'%s-04-05' %(datetime.now().year-1)" />
            <field name="admission_date" eval="'%s-05-20' %(datetime.now().year-1)" />
            <field name="image" type="base64"
                file="openeducat_admission/static/img/student_7.jpg" />
        </record>

        <record id="op_admission_8" model="op.admission">
            <field name="title" ref="base.res_partner_title_miss" />
            <field name="name">Laura</field>
            <field name="middle_name">Z</field>
            <field name="last_name">Damian</field>
            <field name="gender">f</field>
            <field name="email">laurazdamian@demo.com</field>
            <field name="fees">100000.0</field>
            <field name="state">done</field>
            <field name="birth_date">1990-06-10</field>
            <field name="country_id" ref="base.mx" />
            <field name="student_id" ref="openeducat_core.op_student_8" />
            <field name="course_id" ref="openeducat_core.op_course_3" />
            <field name="batch_id" ref="openeducat_core.op_batch_2" />
            <field name="application_number">AD039</field>
            <field name="fees_term_id" ref="openeducat_fees.op_fees_term_1" />
            <field name="register_id" ref="op_admission_register_1" />
            <field name="application_date" eval="'%s-04-09' %(datetime.now().year-1)" />
            <field name="admission_date" eval="'%s-05-02' %(datetime.now().year-1)" />
            <field name="image" type="base64"
                file="openeducat_admission/static/img/student_8.jpg" />
        </record>

        <record id="op_admission_9" model="op.admission">
            <field name="title" ref="base.res_partner_title_miss" />
            <field name="name">Rishita</field>
            <field name="middle_name">T</field>
            <field name="last_name">Parikh</field>
            <field name="gender">f</field>
            <field name="email">rishitatparikh@demo.com</field>
            <field name="fees">80000.0</field>
            <field name="state">done</field>
            <field name="birth_date">1992-05-12</field>
            <field name="country_id" ref="base.in" />
            <field name="student_id" ref="openeducat_core.op_student_9" />
            <field name="course_id" ref="openeducat_core.op_course_4" />
            <field name="batch_id" ref="openeducat_core.op_batch_3" />
            <field name="application_number">AD092</field>
            <field name="fees_term_id" ref="openeducat_fees.op_fees_term_2" />
            <field name="register_id" ref="op_admission_register_2" />
            <field name="application_date" eval="'%s-04-17' %(datetime.now().year-1)" />
            <field name="admission_date" eval="'%s-05-12' %(datetime.now().year-1)" />
            <field name="image" type="base64"
                file="openeducat_admission/static/img/student_9.jpg" />
        </record>

        <record id="op_admission_10" model="op.admission">
            <field name="title" ref="base.res_partner_title_mister" />
            <field name="name">Abhinav</field>
            <field name="middle_name">Y</field>
            <field name="last_name">Chaudhri</field>
            <field name="gender">m</field>
            <field name="email">abhinavychaudhri@demo.com</field>
            <field name="fees">80000.0</field>
            <field name="state">done</field>
            <field name="birth_date">1989-09-30</field>
            <field name="country_id" ref="base.in" />
            <field name="student_id" ref="openeducat_core.op_student_10" />
            <field name="course_id" ref="openeducat_core.op_course_4" />
            <field name="batch_id" ref="openeducat_core.op_batch_3" />
            <field name="application_number">AD091</field>
            <field name="fees_term_id" ref="openeducat_fees.op_fees_term_2" />
            <field name="register_id" ref="op_admission_register_2" />
            <field name="application_date" eval="'%s-04-25' %(datetime.now().year-1)" />
            <field name="admission_date" eval="'%s-05-17' %(datetime.now().year-1)" />
            <field name="image" type="base64"
                file="openeducat_admission/static/img/student_10.jpg" />
        </record>

        <record id="op_admission_11" model="op.admission">
            <field name="title" ref="base.res_partner_title_mister" />
            <field name="name">Deepak</field>
            <field name="middle_name">K</field>
            <field name="last_name">Jha</field>
            <field name="gender">m</field>
            <field name="email">deepakkjha@demo.com</field>
            <field name="fees">80000.0</field>
            <field name="state">done</field>
            <field name="birth_date">1990-07-12</field>
            <field name="country_id" ref="base.in" />
            <field name="student_id" ref="openeducat_core.op_student_11" />
            <field name="course_id" ref="openeducat_core.op_course_4" />
            <field name="batch_id" ref="openeducat_core.op_batch_3" />
            <field name="application_number">AD090</field>
            <field name="fees_term_id" ref="openeducat_fees.op_fees_term_2" />
            <field name="register_id" ref="op_admission_register_2" />
            <field name="application_date" eval="'%s-04-21' %(datetime.now().year-1)" />
            <field name="admission_date" eval="'%s-05-26' %(datetime.now().year-1)" />
            <field name="image" type="base64"
                file="openeducat_admission/static/img/student_11.jpg" />
        </record>

        <record id="op_admission_12" model="op.admission">
            <field name="title" ref="base.res_partner_title_mister" />
            <field name="name">Hung</field>
            <field name="middle_name">K</field>
            <field name="last_name">Lan</field>
            <field name="gender">m</field>
            <field name="email">hungklan@demo.com</field>
            <field name="fees">80000.0</field>
            <field name="state">done</field>
            <field name="birth_date">1991-12-03</field>
            <field name="country_id" ref="base.cn" />
            <field name="student_id" ref="openeducat_core.op_student_12" />
            <field name="course_id" ref="openeducat_core.op_course_4" />
            <field name="batch_id" ref="openeducat_core.op_batch_3" />
            <field name="application_number">AD093</field>
            <field name="fees_term_id" ref="openeducat_fees.op_fees_term_2" />
            <field name="register_id" ref="op_admission_register_2" />
            <field name="application_date" eval="'%s-04-09' %(datetime.now().year-1)" />
            <field name="admission_date" eval="'%s-05-06' %(datetime.now().year-1)" />
            <field name="image" type="base64"
                file="openeducat_admission/static/img/student_12.jpg" />
        </record>

        <record id="op_admission_13" model="op.admission">
            <field name="title" ref="base.res_partner_title_miss" />
            <field name="name">Qiang</field>
            <field name="middle_name">W</field>
            <field name="last_name">Sim</field>
            <field name="gender">f</field>
            <field name="email">qiangwsim@demo.com</field>
            <field name="fees">30000.0</field>
            <field name="state">done</field>
            <field name="birth_date">1990-07-02</field>
            <field name="country_id" ref="base.cn" />
            <field name="student_id" ref="openeducat_core.op_student_13" />
            <field name="course_id" ref="openeducat_core.op_course_5" />
            <field name="batch_id" ref="openeducat_core.op_batch_4" />
            <field name="application_number">AD094</field>
            <field name="fees_term_id" ref="openeducat_fees.op_fees_term_3" />
            <field name="register_id" ref="op_admission_register_3" />
            <field name="application_date" eval="'%s-04-08' %(datetime.now().year-1)" />
            <field name="admission_date" eval="'%s-05-03' %(datetime.now().year-1)" />
            <field name="image" type="base64"
                file="openeducat_admission/static/img/student_13.jpg" />
        </record>

        <record id="op_admission_14" model="op.admission">
            <field name="title" ref="base.res_partner_title_mister" />
            <field name="name">Hardik</field>
            <field name="middle_name">S</field>
            <field name="last_name">Sharma</field>
            <field name="gender">m</field>
            <field name="email">hardikspatel@demo.com</field>
            <field name="fees">30000.0</field>
            <field name="state">done</field>
            <field name="birth_date">1991-03-18</field>
            <field name="country_id" ref="base.in" />
            <field name="student_id" ref="openeducat_core.op_student_14" />
            <field name="course_id" ref="openeducat_core.op_course_5" />
            <field name="batch_id" ref="openeducat_core.op_batch_4" />
            <field name="application_number">AD095</field>
            <field name="fees_term_id" ref="openeducat_fees.op_fees_term_3" />
            <field name="register_id" ref="op_admission_register_3" />
            <field name="application_date" eval="'%s-04-04' %(datetime.now().year-1)" />
            <field name="admission_date" eval="'%s-05-10' %(datetime.now().year-1)" />
            <field name="image" type="base64"
                file="openeducat_admission/static/img/student_14.jpg" />
        </record>

        <record id="op_admission_15" model="op.admission">
            <field name="title" ref="base.res_partner_title_miss" />
            <field name="name">Shweta</field>
            <field name="middle_name">O</field>
            <field name="last_name">Hasnandani</field>
            <field name="gender">f</field>
            <field name="email">shwetaohasnandani@demo.com</field>
            <field name="fees">30000.0</field>
            <field name="state">done</field>
            <field name="birth_date">1991-11-02</field>
            <field name="country_id" ref="base.in" />
            <field name="student_id" ref="openeducat_core.op_student_15" />
            <field name="course_id" ref="openeducat_core.op_course_5" />
            <field name="batch_id" ref="openeducat_core.op_batch_5" />
            <field name="application_number">AD096</field>
            <field name="fees_term_id" ref="openeducat_fees.op_fees_term_3" />
            <field name="register_id" ref="op_admission_register_3" />
            <field name="application_date" eval="'%s-04-05' %(datetime.now().year-1)" />
            <field name="admission_date" eval="'%s-05-12' %(datetime.now().year-1)" />
            <field name="image" type="base64"
                file="openeducat_admission/static/img/student_15.jpg" />
        </record>

        <record id="op_admission_16" model="op.admission">
            <field name="title" ref="base.res_partner_title_mister" />
            <field name="name">Daniel</field>
            <field name="middle_name">W</field>
            <field name="last_name">Fostar</field>
            <field name="gender">m</field>
            <field name="email">danielwfostar@demo.com</field>
            <field name="fees">30000.0</field>
            <field name="state">done</field>
            <field name="birth_date">2003-01-06</field>
            <field name="country_id" ref="base.us" />
            <field name="student_id" ref="openeducat_core.op_student_16" />
            <field name="course_id" ref="openeducat_core.op_course_5" />
            <field name="batch_id" ref="openeducat_core.op_batch_5" />
            <field name="application_number">AD101</field>
            <field name="fees_term_id" ref="openeducat_fees.op_fees_term_3" />
            <field name="register_id" ref="op_admission_register_3" />
            <field name="application_date" eval="'%s-04-06' %(datetime.now().year-1)" />
            <field name="admission_date" eval="'%s-05-24' %(datetime.now().year-1)" />
            <field name="image" type="base64"
                file="openeducat_admission/static/img/student_16.jpg" />
        </record>

        <record id="op_admission_17" model="op.admission">
            <field name="title" ref="base.res_partner_title_miss" />
            <field name="name">Alexis</field>
            <field name="middle_name">K</field>
            <field name="last_name">Smith</field>
            <field name="gender">f</field>
            <field name="email">alexisksmith@demo.com</field>
            <field name="fees">20000.0</field>
            <field name="state">done</field>
            <field name="birth_date">2003-12-03</field>
            <field name="country_id" ref="base.us" />
            <field name="student_id" ref="openeducat_core.op_student_17" />
            <field name="course_id" ref="openeducat_core.op_course_6" />
            <field name="batch_id" ref="openeducat_core.op_batch_6" />
            <field name="application_number">AD102</field>
            <field name="fees_term_id" ref="openeducat_fees.op_fees_term_3" />
            <field name="register_id" ref="op_admission_register_4" />
            <field name="application_date" eval="'%s-04-12' %(datetime.now().year-1)" />
            <field name="admission_date" eval="'%s-05-04' %(datetime.now().year-1)" />
            <field name="image" type="base64"
                file="openeducat_admission/static/img/student_17.jpg" />
        </record>

        <record id="op_admission_18" model="op.admission">
            <field name="title" ref="base.res_partner_title_mister" />
            <field name="name">Mason</field>
            <field name="middle_name">D</field>
            <field name="last_name">Bennett</field>
            <field name="gender">f</field>
            <field name="email">masondbannett@demo.com</field>
            <field name="fees">20000.0</field>
            <field name="state">done</field>
            <field name="birth_date">2003-12-03</field>
            <field name="country_id" ref="base.us" />
            <field name="student_id" ref="openeducat_core.op_student_18" />
            <field name="course_id" ref="openeducat_core.op_course_6" />
            <field name="batch_id" ref="openeducat_core.op_batch_6" />
            <field name="application_number">AD103</field>
            <field name="fees_term_id" ref="openeducat_fees.op_fees_term_3" />
            <field name="register_id" ref="op_admission_register_4" />
            <field name="application_date" eval="'%s-04-11' %(datetime.now().year-1)" />
            <field name="admission_date" eval="'%s-05-15' %(datetime.now().year-1)" />
            <field name="image" type="base64"
                file="openeducat_admission/static/img/student_18.jpg" />
        </record>

        <record id="op_admission_19" model="op.admission">
            <field name="title" ref="base.res_partner_title_miss" />
            <field name="name">Grace</field>
            <field name="middle_name">E</field>
            <field name="last_name">Palmer</field>
            <field name="gender">f</field>
            <field name="email">graceepalmer@demo.com</field>
            <field name="fees">20000.0</field>
            <field name="state">done</field>
            <field name="birth_date">2002-03-05</field>
            <field name="country_id" ref="base.us" />
            <field name="student_id" ref="openeducat_core.op_student_19" />
            <field name="course_id" ref="openeducat_core.op_course_6" />
            <field name="batch_id" ref="openeducat_core.op_batch_6" />
            <field name="application_number">AD104</field>
            <field name="fees_term_id" ref="openeducat_fees.op_fees_term_3" />
            <field name="register_id" ref="op_admission_register_4" />
            <field name="application_date" eval="'%s-04-09' %(datetime.now().year-1)" />
            <field name="admission_date" eval="'%s-05-06' %(datetime.now().year-1)" />
            <field name="image" type="base64"
                file="openeducat_admission/static/img/student_19.jpg" />
        </record>

        <record id="op_admission_20" model="op.admission">
            <field name="title" ref="base.res_partner_title_mister" />
            <field name="name">Isaac</field>
            <field name="middle_name">F</field>
            <field name="last_name">Clark</field>
            <field name="gender">m</field>
            <field name="email">isaacfclark@demo.com</field>
            <field name="fees">20000.0</field>
            <field name="state">done</field>
            <field name="birth_date">2003-09-04</field>
            <field name="country_id" ref="base.us" />
            <field name="student_id" ref="openeducat_core.op_student_20" />
            <field name="course_id" ref="openeducat_core.op_course_6" />
            <field name="batch_id" ref="openeducat_core.op_batch_6" />
            <field name="application_number">AD105</field>
            <field name="fees_term_id" ref="openeducat_fees.op_fees_term_3" />
            <field name="register_id" ref="op_admission_register_4" />
            <field name="application_date" eval="'%s-04-12' %(datetime.now().year-1)" />
            <field name="admission_date" eval="'%s-05-10' %(datetime.now().year-1)" />
            <field name="image" type="base64"
                file="openeducat_admission/static/img/student_20.jpg" />
        </record>

        <record id="op_admission_21" model="op.admission">
            <field name="title" ref="base.res_partner_title_miss" />
            <field name="name">Hannah</field>
            <field name="middle_name">J</field>
            <field name="last_name">Walker</field>
            <field name="gender">f</field>
            <field name="email">hannahjwalker@demo.com</field>
            <field name="fees">20000.0</field>
            <field name="state">draft</field>
            <field name="birth_date">2003-04-12</field>
            <field name="country_id" ref="base.us" />
            <field name="student_id" ref="" />
            <field name="course_id" ref="openeducat_core.op_course_6" />
            <field name="batch_id" ref="openeducat_core.op_batch_6" />
            <field name="application_number">AD108</field>
            <field name="fees_term_id" ref="openeducat_fees.op_fees_term_3" />
            <field name="register_id" ref="op_admission_register_4" />
            <field name="application_date" eval="'%s-04-10' %(datetime.now().year-1)" />
            <field name="admission_date" eval="'%s-05-17' %(datetime.now().year-1)" />
        </record>

        <record id="op_admission_22" model="op.admission">
            <field name="title" ref="base.res_partner_title_mister" />
            <field name="name">Gavin</field>
            <field name="middle_name">K</field>
            <field name="last_name">Robinson</field>
            <field name="gender">m</field>
            <field name="email">gavinkrobinson@demo.com</field>
            <field name="fees">20000.0</field>
            <field name="state">draft</field>
            <field name="birth_date">2003-03-10</field>
            <field name="country_id" ref="base.us" />
            <field name="student_id" ref="" />
            <field name="course_id" ref="openeducat_core.op_course_6" />
            <field name="batch_id" ref="openeducat_core.op_batch_6" />
            <field name="application_number">AD109</field>
            <field name="fees_term_id" ref="openeducat_fees.op_fees_term_3" />
            <field name="register_id" ref="op_admission_register_4" />
            <field name="application_date" eval="'%s-04-17' %(datetime.now().year-1)" />
            <field name="admission_date" eval="'%s-05-21' %(datetime.now().year-1)" />
        </record>

        <record id="op_admission_23" model="op.admission">
            <field name="title" ref="base.res_partner_title_mister" />
            <field name="name">Jayden</field>
            <field name="middle_name">N</field>
            <field name="last_name">Moore</field>
            <field name="gender">m</field>
            <field name="email">jaydennmoore@demo.com</field>
            <field name="fees">20000.0</field>
            <field name="state">draft</field>
            <field name="birth_date">2003-06-12</field>
            <field name="country_id" ref="base.us" />
            <field name="student_id" ref="" />
            <field name="course_id" ref="openeducat_core.op_course_6" />
            <field name="batch_id" ref="openeducat_core.op_batch_6" />
            <field name="application_number">AD110</field>
            <field name="fees_term_id" ref="openeducat_fees.op_fees_term_3" />
            <field name="register_id" ref="op_admission_register_4" />
            <field name="application_date" eval="'%s-04-18' %(datetime.now().year-1)" />
            <field name="admission_date" eval="'%s-05-14' %(datetime.now().year-1)" />
        </record>

    </data>
</odoo>
