<?xml version="1.0" encoding="utf-8"?>
<odoo>
    <data noupdate="1">
        <record id="op_student_fees_details_1" model="op.student.fees.details">
            <field name="state">draft</field>
            <field name="amount">30000</field>
            <field name="student_id" ref="openeducat_core.op_student_1" />
            <field name="product_id" ref="op_product_1" />
            <field name="fees_line_id" ref="openeducat_fees.op_fees_term_line_1" />
            <field name="date" eval="'%s-05-17' %(datetime.now().year-1)" />
        </record>

        <record id="op_student_fees_details_2" model="op.student.fees.details">
            <field name="state">draft</field>
            <field name="amount">30000</field>
            <field name="student_id" ref="openeducat_core.op_student_1" />
            <field name="product_id" ref="op_product_1" />
            <field name="fees_line_id" ref="openeducat_fees.op_fees_term_line_2" />
            <field name="date" eval="'%s-06-03' %(datetime.now().year-1)" />
        </record>

        <record id="op_student_fees_details_3" model="op.student.fees.details">
            <field name="state">draft</field>
            <field name="amount">40000</field>
            <field name="student_id" ref="openeducat_core.op_student_1" />
            <field name="product_id" ref="op_product_1" />
            <field name="fees_line_id" ref="openeducat_fees.op_fees_term_line_3" />
            <field name="date" eval="'%s-07-03' %(datetime.now().year-1)" />
        </record>

        <record id="op_student_fees_details_4" model="op.student.fees.details">
            <field name="state">draft</field>
            <field name="amount">30000</field>
            <field name="student_id" ref="openeducat_core.op_student_2" />
            <field name="product_id" ref="op_product_1" />
            <field name="fees_line_id" ref="openeducat_fees.op_fees_term_line_1" />
            <field name="date" eval="'%s-05-28' %(datetime.now().year-1)" />
        </record>

        <record id="op_student_fees_details_5" model="op.student.fees.details">
            <field name="state">draft</field>
            <field name="amount">30000</field>
            <field name="student_id" ref="openeducat_core.op_student_2" />
            <field name="product_id" ref="op_product_1" />
            <field name="fees_line_id" ref="openeducat_fees.op_fees_term_line_2" />
            <field name="date" eval="'%s-06-12' %(datetime.now().year-1)" />
        </record>

        <record id="op_student_fees_details_6" model="op.student.fees.details">
            <field name="state">draft</field>
            <field name="amount">40000</field>
            <field name="student_id" ref="openeducat_core.op_student_2" />
            <field name="product_id" ref="op_product_1" />
            <field name="fees_line_id" ref="openeducat_fees.op_fees_term_line_3" />
            <field name="date" eval="'%s-07-12' %(datetime.now().year-1)" />
        </record>

        <record id="op_student_fees_details_7" model="op.student.fees.details">
            <field name="state">draft</field>
            <field name="amount">30000</field>
            <field name="student_id" ref="openeducat_core.op_student_3" />
            <field name="product_id" ref="op_product_1" />
            <field name="fees_line_id" ref="openeducat_fees.op_fees_term_line_1" />
            <field name="date" eval="'%s-06-04' %(datetime.now().year-1)" />
        </record>

        <record id="op_student_fees_details_8" model="op.student.fees.details">
            <field name="state">draft</field>
            <field name="amount">30000</field>
            <field name="student_id" ref="openeducat_core.op_student_3" />
            <field name="product_id" ref="op_product_1" />
            <field name="fees_line_id" ref="openeducat_fees.op_fees_term_line_2" />
            <field name="date" eval="'%s-06-18' %(datetime.now().year-1)" />
        </record>

        <record id="op_student_fees_details_9" model="op.student.fees.details">
            <field name="state">draft</field>
            <field name="amount">40000</field>
            <field name="student_id" ref="openeducat_core.op_student_3" />
            <field name="product_id" ref="op_product_1" />
            <field name="fees_line_id" ref="openeducat_fees.op_fees_term_line_3" />
            <field name="date" eval="'%s-07-24' %(datetime.now().year-1)" />
        </record>

        <record id="op_student_fees_details_10" model="op.student.fees.details">
            <field name="state">draft</field>
            <field name="amount">30000</field>
            <field name="student_id" ref="openeducat_core.op_student_4" />
            <field name="product_id" ref="op_product_1" />
            <field name="fees_line_id" ref="openeducat_fees.op_fees_term_line_1" />
            <field name="date" eval="'%s-05-24' %(datetime.now().year-1)" />
        </record>

        <record id="op_student_fees_details_11" model="op.student.fees.details">
            <field name="state">draft</field>
            <field name="amount">30000</field>
            <field name="student_id" ref="openeducat_core.op_student_4" />
            <field name="product_id" ref="op_product_1" />
            <field name="fees_line_id" ref="openeducat_fees.op_fees_term_line_2" />
            <field name="date" eval="'%s-06-08' %(datetime.now().year-1)" />
        </record>

        <record id="op_student_fees_details_12" model="op.student.fees.details">
            <field name="state">draft</field>
            <field name="amount">40000</field>
            <field name="student_id" ref="openeducat_core.op_student_4" />
            <field name="product_id" ref="op_product_1" />
            <field name="fees_line_id" ref="openeducat_fees.op_fees_term_line_3" />
            <field name="date" eval="'%s-07-08' %(datetime.now().year-1)" />
        </record>

        <record id="op_student_fees_details_13" model="op.student.fees.details">
            <field name="state">draft</field>
            <field name="amount">40000</field>
            <field name="student_id" ref="openeducat_core.op_student_9" />
            <field name="product_id" ref="op_product_3" />
            <field name="fees_line_id" ref="openeducat_fees.op_fees_term_line_4" />
            <field name="date" eval="'%s-06-11' %(datetime.now().year-1)" />
        </record>

        <record id="op_student_fees_details_14" model="op.student.fees.details">
            <field name="state">draft</field>
            <field name="amount">40000</field>
            <field name="student_id" ref="openeducat_core.op_student_9" />
            <field name="product_id" ref="op_product_3" />
            <field name="fees_line_id" ref="openeducat_fees.op_fees_term_line_5" />
            <field name="date" eval="'%s-07-11' %(datetime.now().year-1)" />
        </record>

        <record id="op_student_fees_details_15" model="op.student.fees.details">
            <field name="state">draft</field>
            <field name="amount">40000</field>
            <field name="student_id" ref="openeducat_core.op_student_10" />
            <field name="product_id" ref="op_product_3" />
            <field name="fees_line_id" ref="openeducat_fees.op_fees_term_line_4" />
            <field name="date" eval="'%s-06-16' %(datetime.now().year-1)" />
        </record>

        <record id="op_student_fees_details_16" model="op.student.fees.details">
            <field name="state">draft</field>
            <field name="amount">40000</field>
            <field name="student_id" ref="openeducat_core.op_student_10" />
            <field name="product_id" ref="op_product_3" />
            <field name="fees_line_id" ref="openeducat_fees.op_fees_term_line_5" />
            <field name="date" eval="'%s-07-16' %(datetime.now().year-1)" />
        </record>

    </data>
</odoo>
