<?xml version="1.0" encoding="utf-8"?>
<odoo>
    <data noupdate="1">

        <record id="op_attendance_line_1" model="op.attendance.line">
            <field name="attendance_id" ref="op_attendance_sheet_1" />
            <field name="present" eval="True" />
            <field name="student_id" ref="openeducat_core.op_student_1" />
        </record>
        <record id="op_attendance_line_2" model="op.attendance.line">
            <field name="attendance_id" ref="op_attendance_sheet_1" />
            <field name="present" eval="True" />
            <field name="student_id" ref="openeducat_core.op_student_2" />
        </record>
        <record id="op_attendance_line_3" model="op.attendance.line">
            <field name="attendance_id" ref="op_attendance_sheet_1" />
            <field name="present" eval="False" />
            <field name="student_id" ref="openeducat_core.op_student_3" />
        </record>
        <record id="op_attendance_line_4" model="op.attendance.line">
            <field name="attendance_id" ref="op_attendance_sheet_1" />
            <field name="present" eval="True" />
            <field name="student_id" ref="openeducat_core.op_student_4" />
        </record>
        <record id="op_attendance_line_5" model="op.attendance.line">
            <field name="attendance_id" ref="op_attendance_sheet_2" />
            <field name="present" eval="True" />
            <field name="student_id" ref="openeducat_core.op_student_1" />
        </record>
        <record id="op_attendance_line_6" model="op.attendance.line">
            <field name="attendance_id" ref="op_attendance_sheet_2" />
            <field name="present" eval="True" />
            <field name="student_id" ref="openeducat_core.op_student_2" />
        </record>
        <record id="op_attendance_line_7" model="op.attendance.line">
            <field name="attendance_id" ref="op_attendance_sheet_2" />
            <field name="present" eval="True" />
            <field name="student_id" ref="openeducat_core.op_student_3" />
        </record>
        <record id="op_attendance_line_8" model="op.attendance.line">
            <field name="attendance_id" ref="op_attendance_sheet_2" />
            <field name="present" eval="False" />
            <field name="student_id" ref="openeducat_core.op_student_4" />
        </record>
        <record id="op_attendance_line_9" model="op.attendance.line">
            <field name="attendance_id" ref="op_attendance_sheet_3" />
            <field name="present" eval="True" />
            <field name="student_id" ref="openeducat_core.op_student_1" />
        </record>
        <record id="op_attendance_line_10" model="op.attendance.line">
            <field name="attendance_id" ref="op_attendance_sheet_3" />
            <field name="present" eval="True" />
            <field name="student_id" ref="openeducat_core.op_student_2" />
        </record>
        <record id="op_attendance_line_11" model="op.attendance.line">
            <field name="attendance_id" ref="op_attendance_sheet_3" />
            <field name="present" eval="True" />
            <field name="student_id" ref="openeducat_core.op_student_3" />
        </record>
        <record id="op_attendance_line_12" model="op.attendance.line">
            <field name="attendance_id" ref="op_attendance_sheet_3" />
            <field name="present" eval="True" />
            <field name="student_id" ref="openeducat_core.op_student_4" />
        </record>
        <record id="op_attendance_line_13" model="op.attendance.line">
            <field name="attendance_id" ref="op_attendance_sheet_4" />
            <field name="present" eval="True" />
            <field name="student_id" ref="openeducat_core.op_student_1" />
        </record>
        <record id="op_attendance_line_14" model="op.attendance.line">
            <field name="attendance_id" ref="op_attendance_sheet_4" />
            <field name="present" eval="False" />
            <field name="student_id" ref="openeducat_core.op_student_2" />
        </record>
        <record id="op_attendance_line_15" model="op.attendance.line">
            <field name="attendance_id" ref="op_attendance_sheet_4" />
            <field name="present" eval="True" />
            <field name="student_id" ref="openeducat_core.op_student_3" />
        </record>
        <record id="op_attendance_line_16" model="op.attendance.line">
            <field name="attendance_id" ref="op_attendance_sheet_4" />
            <field name="present" eval="True" />
            <field name="student_id" ref="openeducat_core.op_student_4" />
        </record>
        <record id="op_attendance_line_17" model="op.attendance.line">
            <field name="attendance_id" ref="op_attendance_sheet_5" />
            <field name="present" eval="True" />
            <field name="student_id" ref="openeducat_core.op_student_1" />
        </record>
        <record id="op_attendance_line_18" model="op.attendance.line">
            <field name="attendance_id" ref="op_attendance_sheet_5" />
            <field name="present" eval="True" />
            <field name="student_id" ref="openeducat_core.op_student_2" />
        </record>
        <record id="op_attendance_line_19" model="op.attendance.line">
            <field name="attendance_id" ref="op_attendance_sheet_5" />
            <field name="present" eval="True" />
            <field name="student_id" ref="openeducat_core.op_student_3" />
        </record>
        <record id="op_attendance_line_20" model="op.attendance.line">
            <field name="attendance_id" ref="op_attendance_sheet_5" />
            <field name="present" eval="False" />
            <field name="student_id" ref="openeducat_core.op_student_4" />
        </record>
        <record id="op_attendance_line_21" model="op.attendance.line">
            <field name="attendance_id" ref="op_attendance_sheet_6" />
            <field name="present" eval="True" />
            <field name="student_id" ref="openeducat_core.op_student_1" />
        </record>
        <record id="op_attendance_line_22" model="op.attendance.line">
            <field name="attendance_id" ref="op_attendance_sheet_6" />
            <field name="present" eval="True" />
            <field name="student_id" ref="openeducat_core.op_student_2" />
        </record>
        <record id="op_attendance_line_23" model="op.attendance.line">
            <field name="attendance_id" ref="op_attendance_sheet_6" />
            <field name="present" eval="True" />
            <field name="student_id" ref="openeducat_core.op_student_3" />
        </record>
        <record id="op_attendance_line_24" model="op.attendance.line">
            <field name="attendance_id" ref="op_attendance_sheet_6" />
            <field name="present" eval="True" />
            <field name="student_id" ref="openeducat_core.op_student_4" />
        </record>
        <record id="op_attendance_line_25" model="op.attendance.line">
            <field name="attendance_id" ref="op_attendance_sheet_7" />
            <field name="present" eval="False" />
            <field name="student_id" ref="openeducat_core.op_student_1" />
        </record>
        <record id="op_attendance_line_26" model="op.attendance.line">
            <field name="attendance_id" ref="op_attendance_sheet_7" />
            <field name="present" eval="True" />
            <field name="student_id" ref="openeducat_core.op_student_2" />
        </record>
        <record id="op_attendance_line_27" model="op.attendance.line">
            <field name="attendance_id" ref="op_attendance_sheet_7" />
            <field name="present" eval="True" />
            <field name="student_id" ref="openeducat_core.op_student_3" />
        </record>
        <record id="op_attendance_line_28" model="op.attendance.line">
            <field name="attendance_id" ref="op_attendance_sheet_7" />
            <field name="present" eval="True" />
            <field name="student_id" ref="openeducat_core.op_student_4" />
        </record>
        <record id="op_attendance_line_29" model="op.attendance.line">
            <field name="attendance_id" ref="op_attendance_sheet_8" />
            <field name="present" eval="True" />
            <field name="student_id" ref="openeducat_core.op_student_1" />
        </record>
        <record id="op_attendance_line_30" model="op.attendance.line">
            <field name="attendance_id" ref="op_attendance_sheet_8" />
            <field name="present" eval="True" />
            <field name="student_id" ref="openeducat_core.op_student_2" />
        </record>
        <record id="op_attendance_line_31" model="op.attendance.line">
            <field name="attendance_id" ref="op_attendance_sheet_8" />
            <field name="present" eval="True" />
            <field name="student_id" ref="openeducat_core.op_student_3" />
        </record>
        <record id="op_attendance_line_32" model="op.attendance.line">
            <field name="attendance_id" ref="op_attendance_sheet_8" />
            <field name="present" eval="True" />
            <field name="student_id" ref="openeducat_core.op_student_4" />
        </record>
        <record id="op_attendance_line_33" model="op.attendance.line">
            <field name="attendance_id" ref="op_attendance_sheet_9" />
            <field name="present" eval="True" />
            <field name="student_id" ref="openeducat_core.op_student_1" />
        </record>
        <record id="op_attendance_line_34" model="op.attendance.line">
            <field name="attendance_id" ref="op_attendance_sheet_9" />
            <field name="present" eval="False" />
            <field name="student_id" ref="openeducat_core.op_student_2" />
        </record>
        <record id="op_attendance_line_35" model="op.attendance.line">
            <field name="attendance_id" ref="op_attendance_sheet_9" />
            <field name="present" eval="True" />
            <field name="student_id" ref="openeducat_core.op_student_3" />
        </record>
        <record id="op_attendance_line_36" model="op.attendance.line">
            <field name="attendance_id" ref="op_attendance_sheet_9" />
            <field name="present" eval="True" />
            <field name="student_id" ref="openeducat_core.op_student_4" />
        </record>
        <record id="op_attendance_line_37" model="op.attendance.line">
            <field name="attendance_id" ref="op_attendance_sheet_10" />
            <field name="present" eval="False" />
            <field name="student_id" ref="openeducat_core.op_student_1" />
        </record>
        <record id="op_attendance_line_38" model="op.attendance.line">
            <field name="attendance_id" ref="op_attendance_sheet_10" />
            <field name="present" eval="True" />
            <field name="student_id" ref="openeducat_core.op_student_2" />
        </record>
        <record id="op_attendance_line_39" model="op.attendance.line">
            <field name="attendance_id" ref="op_attendance_sheet_10" />
            <field name="present" eval="True" />
            <field name="student_id" ref="openeducat_core.op_student_3" />
        </record>
        <record id="op_attendance_line_40" model="op.attendance.line">
            <field name="attendance_id" ref="op_attendance_sheet_10" />
            <field name="present" eval="True" />
            <field name="student_id" ref="openeducat_core.op_student_4" />
        </record>
        <record id="op_attendance_line_41" model="op.attendance.line">
            <field name="attendance_id" ref="op_attendance_sheet_11" />
            <field name="present" eval="True" />
            <field name="student_id" ref="openeducat_core.op_student_1" />
        </record>
        <record id="op_attendance_line_42" model="op.attendance.line">
            <field name="attendance_id" ref="op_attendance_sheet_11" />
            <field name="present" eval="True" />
            <field name="student_id" ref="openeducat_core.op_student_2" />
        </record>
        <record id="op_attendance_line_43" model="op.attendance.line">
            <field name="attendance_id" ref="op_attendance_sheet_11" />
            <field name="present" eval="True" />
            <field name="student_id" ref="openeducat_core.op_student_3" />
        </record>
        <record id="op_attendance_line_44" model="op.attendance.line">
            <field name="attendance_id" ref="op_attendance_sheet_11" />
            <field name="present" eval="True" />
            <field name="student_id" ref="openeducat_core.op_student_4" />
        </record>
        <record id="op_attendance_line_45" model="op.attendance.line">
            <field name="attendance_id" ref="op_attendance_sheet_12" />
            <field name="present" eval="True" />
            <field name="student_id" ref="openeducat_core.op_student_1" />
        </record>
        <record id="op_attendance_line_46" model="op.attendance.line">
            <field name="attendance_id" ref="op_attendance_sheet_12" />
            <field name="present" eval="True" />
            <field name="student_id" ref="openeducat_core.op_student_2" />
        </record>
        <record id="op_attendance_line_47" model="op.attendance.line">
            <field name="attendance_id" ref="op_attendance_sheet_12" />
            <field name="present" eval="False" />
            <field name="student_id" ref="openeducat_core.op_student_3" />
        </record>
        <record id="op_attendance_line_48" model="op.attendance.line">
            <field name="attendance_id" ref="op_attendance_sheet_12" />
            <field name="present" eval="True" />
            <field name="student_id" ref="openeducat_core.op_student_4" />
        </record>
        <record id="op_attendance_line_49" model="op.attendance.line">
            <field name="attendance_id" ref="op_attendance_sheet_13" />
            <field name="present" eval="True" />
            <field name="student_id" ref="openeducat_core.op_student_1" />
        </record>
        <record id="op_attendance_line_50" model="op.attendance.line">
            <field name="attendance_id" ref="op_attendance_sheet_13" />
            <field name="present" eval="True" />
            <field name="student_id" ref="openeducat_core.op_student_2" />
        </record>
        <record id="op_attendance_line_51" model="op.attendance.line">
            <field name="attendance_id" ref="op_attendance_sheet_13" />
            <field name="present" eval="True" />
            <field name="student_id" ref="openeducat_core.op_student_3" />
        </record>
        <record id="op_attendance_line_52" model="op.attendance.line">
            <field name="attendance_id" ref="op_attendance_sheet_13" />
            <field name="present" eval="True" />
            <field name="student_id" ref="openeducat_core.op_student_4" />
        </record>
        <record id="op_attendance_line_53" model="op.attendance.line">
            <field name="attendance_id" ref="op_attendance_sheet_14" />
            <field name="present" eval="True" />
            <field name="student_id" ref="openeducat_core.op_student_1" />
        </record>
        <record id="op_attendance_line_54" model="op.attendance.line">
            <field name="attendance_id" ref="op_attendance_sheet_14" />
            <field name="present" eval="True" />
            <field name="student_id" ref="openeducat_core.op_student_2" />
        </record>
        <record id="op_attendance_line_55" model="op.attendance.line">
            <field name="attendance_id" ref="op_attendance_sheet_14" />
            <field name="present" eval="True" />
            <field name="student_id" ref="openeducat_core.op_student_3" />
        </record>
        <record id="op_attendance_line_56" model="op.attendance.line">
            <field name="attendance_id" ref="op_attendance_sheet_14" />
            <field name="present" eval="False" />
            <field name="student_id" ref="openeducat_core.op_student_4" />
        </record>
        <record id="op_attendance_line_57" model="op.attendance.line">
            <field name="attendance_id" ref="op_attendance_sheet_15" />
            <field name="present" eval="True" />
            <field name="student_id" ref="openeducat_core.op_student_1" />
        </record>
        <record id="op_attendance_line_58" model="op.attendance.line">
            <field name="attendance_id" ref="op_attendance_sheet_15" />
            <field name="present" eval="False" />
            <field name="student_id" ref="openeducat_core.op_student_2" />
        </record>
        <record id="op_attendance_line_59" model="op.attendance.line">
            <field name="attendance_id" ref="op_attendance_sheet_15" />
            <field name="present" eval="True" />
            <field name="student_id" ref="openeducat_core.op_student_3" />
        </record>
        <record id="op_attendance_line_60" model="op.attendance.line">
            <field name="attendance_id" ref="op_attendance_sheet_15" />
            <field name="present" eval="True" />
            <field name="student_id" ref="openeducat_core.op_student_4" />
        </record>
        <record id="op_attendance_line_61" model="op.attendance.line">
            <field name="attendance_id" ref="op_attendance_sheet_16" />
            <field name="present" eval="True" />
            <field name="student_id" ref="openeducat_core.op_student_1" />
        </record>
        <record id="op_attendance_line_62" model="op.attendance.line">
            <field name="attendance_id" ref="op_attendance_sheet_16" />
            <field name="present" eval="True" />
            <field name="student_id" ref="openeducat_core.op_student_2" />
        </record>
        <record id="op_attendance_line_63" model="op.attendance.line">
            <field name="attendance_id" ref="op_attendance_sheet_16" />
            <field name="present" eval="True" />
            <field name="student_id" ref="openeducat_core.op_student_3" />
        </record>
        <record id="op_attendance_line_64" model="op.attendance.line">
            <field name="attendance_id" ref="op_attendance_sheet_16" />
            <field name="present" eval="True" />
            <field name="student_id" ref="openeducat_core.op_student_4" />
        </record>
        <record id="op_attendance_line_65" model="op.attendance.line">
            <field name="attendance_id" ref="op_attendance_sheet_17" />
            <field name="present" eval="True" />
            <field name="student_id" ref="openeducat_core.op_student_1" />
        </record>
        <record id="op_attendance_line_66" model="op.attendance.line">
            <field name="attendance_id" ref="op_attendance_sheet_17" />
            <field name="present" eval="True" />
            <field name="student_id" ref="openeducat_core.op_student_2" />
        </record>
        <record id="op_attendance_line_67" model="op.attendance.line">
            <field name="attendance_id" ref="op_attendance_sheet_17" />
            <field name="present" eval="False" />
            <field name="student_id" ref="openeducat_core.op_student_3" />
        </record>
        <record id="op_attendance_line_68" model="op.attendance.line">
            <field name="attendance_id" ref="op_attendance_sheet_17" />
            <field name="present" eval="True" />
            <field name="student_id" ref="openeducat_core.op_student_4" />
        </record>
        <record id="op_attendance_line_69" model="op.attendance.line">
            <field name="attendance_id" ref="op_attendance_sheet_18" />
            <field name="present" eval="True" />
            <field name="student_id" ref="openeducat_core.op_student_1" />
        </record>
        <record id="op_attendance_line_70" model="op.attendance.line">
            <field name="attendance_id" ref="op_attendance_sheet_18" />
            <field name="present" eval="True" />
            <field name="student_id" ref="openeducat_core.op_student_2" />
        </record>
        <record id="op_attendance_line_71" model="op.attendance.line">
            <field name="attendance_id" ref="op_attendance_sheet_18" />
            <field name="present" eval="True" />
            <field name="student_id" ref="openeducat_core.op_student_3" />
        </record>
        <record id="op_attendance_line_72" model="op.attendance.line">
            <field name="attendance_id" ref="op_attendance_sheet_18" />
            <field name="present" eval="True" />
            <field name="student_id" ref="openeducat_core.op_student_4" />
        </record>
        <record id="op_attendance_line_73" model="op.attendance.line">
            <field name="attendance_id" ref="op_attendance_sheet_19" />
            <field name="present" eval="False" />
            <field name="student_id" ref="openeducat_core.op_student_1" />
        </record>
        <record id="op_attendance_line_74" model="op.attendance.line">
            <field name="attendance_id" ref="op_attendance_sheet_19" />
            <field name="present" eval="True" />
            <field name="student_id" ref="openeducat_core.op_student_2" />
        </record>
        <record id="op_attendance_line_75" model="op.attendance.line">
            <field name="attendance_id" ref="op_attendance_sheet_19" />
            <field name="present" eval="True" />
            <field name="student_id" ref="openeducat_core.op_student_3" />
        </record>
        <record id="op_attendance_line_76" model="op.attendance.line">
            <field name="attendance_id" ref="op_attendance_sheet_19" />
            <field name="present" eval="True" />
            <field name="student_id" ref="openeducat_core.op_student_4" />
        </record>
        <record id="op_attendance_line_77" model="op.attendance.line">
            <field name="attendance_id" ref="op_attendance_sheet_20" />
            <field name="present" eval="True" />
            <field name="student_id" ref="openeducat_core.op_student_1" />
        </record>
        <record id="op_attendance_line_78" model="op.attendance.line">
            <field name="attendance_id" ref="op_attendance_sheet_20" />
            <field name="present" eval="True" />
            <field name="student_id" ref="openeducat_core.op_student_2" />
        </record>
        <record id="op_attendance_line_79" model="op.attendance.line">
            <field name="attendance_id" ref="op_attendance_sheet_20" />
            <field name="present" eval="True" />
            <field name="student_id" ref="openeducat_core.op_student_3" />
        </record>
        <record id="op_attendance_line_80" model="op.attendance.line">
            <field name="attendance_id" ref="op_attendance_sheet_20" />
            <field name="present" eval="True" />
            <field name="student_id" ref="openeducat_core.op_student_4" />
        </record>
        <record id="op_attendance_line_81" model="op.attendance.line">
            <field name="attendance_id" ref="op_attendance_sheet_21" />
            <field name="present" eval="True" />
            <field name="student_id" ref="openeducat_core.op_student_1" />
        </record>
        <record id="op_attendance_line_82" model="op.attendance.line">
            <field name="attendance_id" ref="op_attendance_sheet_21" />
            <field name="present" eval="True" />
            <field name="student_id" ref="openeducat_core.op_student_2" />
        </record>
        <record id="op_attendance_line_83" model="op.attendance.line">
            <field name="attendance_id" ref="op_attendance_sheet_21" />
            <field name="present" eval="True" />
            <field name="student_id" ref="openeducat_core.op_student_3" />
        </record>
        <record id="op_attendance_line_84" model="op.attendance.line">
            <field name="attendance_id" ref="op_attendance_sheet_21" />
            <field name="present" eval="True" />
            <field name="student_id" ref="openeducat_core.op_student_4" />
        </record>
        <record id="op_attendance_line_85" model="op.attendance.line">
            <field name="attendance_id" ref="op_attendance_sheet_22" />
            <field name="present" eval="False" />
            <field name="student_id" ref="openeducat_core.op_student_1" />
        </record>
        <record id="op_attendance_line_86" model="op.attendance.line">
            <field name="attendance_id" ref="op_attendance_sheet_22" />
            <field name="present" eval="True" />
            <field name="student_id" ref="openeducat_core.op_student_2" />
        </record>
        <record id="op_attendance_line_87" model="op.attendance.line">
            <field name="attendance_id" ref="op_attendance_sheet_22" />
            <field name="present" eval="True" />
            <field name="student_id" ref="openeducat_core.op_student_3" />
        </record>
        <record id="op_attendance_line_88" model="op.attendance.line">
            <field name="attendance_id" ref="op_attendance_sheet_22" />
            <field name="present" eval="True" />
            <field name="student_id" ref="openeducat_core.op_student_4" />
        </record>
        <record id="op_attendance_line_89" model="op.attendance.line">
            <field name="attendance_id" ref="op_attendance_sheet_23" />
            <field name="present" eval="True" />
            <field name="student_id" ref="openeducat_core.op_student_1" />
        </record>
        <record id="op_attendance_line_90" model="op.attendance.line">
            <field name="attendance_id" ref="op_attendance_sheet_23" />
            <field name="present" eval="False" />
            <field name="student_id" ref="openeducat_core.op_student_2" />
        </record>
        <record id="op_attendance_line_91" model="op.attendance.line">
            <field name="attendance_id" ref="op_attendance_sheet_23" />
            <field name="present" eval="True" />
            <field name="student_id" ref="openeducat_core.op_student_3" />
        </record>
        <record id="op_attendance_line_92" model="op.attendance.line">
            <field name="attendance_id" ref="op_attendance_sheet_23" />
            <field name="present" eval="True" />
            <field name="student_id" ref="openeducat_core.op_student_4" />
        </record>
        <record id="op_attendance_line_93" model="op.attendance.line">
            <field name="attendance_id" ref="op_attendance_sheet_24" />
            <field name="present" eval="True" />
            <field name="student_id" ref="openeducat_core.op_student_1" />
        </record>
        <record id="op_attendance_line_94" model="op.attendance.line">
            <field name="attendance_id" ref="op_attendance_sheet_24" />
            <field name="present" eval="True" />
            <field name="student_id" ref="openeducat_core.op_student_2" />
        </record>
        <record id="op_attendance_line_95" model="op.attendance.line">
            <field name="attendance_id" ref="op_attendance_sheet_24" />
            <field name="present" eval="True" />
            <field name="student_id" ref="openeducat_core.op_student_3" />
        </record>
        <record id="op_attendance_line_96" model="op.attendance.line">
            <field name="attendance_id" ref="op_attendance_sheet_24" />
            <field name="present" eval="True" />
            <field name="student_id" ref="openeducat_core.op_student_4" />
        </record>
        <record id="op_attendance_line_97" model="op.attendance.line">
            <field name="attendance_id" ref="op_attendance_sheet_25" />
            <field name="present" eval="True" />
            <field name="student_id" ref="openeducat_core.op_student_1" />
        </record>
        <record id="op_attendance_line_98" model="op.attendance.line">
            <field name="attendance_id" ref="op_attendance_sheet_25" />
            <field name="present" eval="True" />
            <field name="student_id" ref="openeducat_core.op_student_2" />
        </record>
        <record id="op_attendance_line_99" model="op.attendance.line">
            <field name="attendance_id" ref="op_attendance_sheet_25" />
            <field name="present" eval="True" />
            <field name="student_id" ref="openeducat_core.op_student_3" />
        </record>
        <record id="op_attendance_line_100" model="op.attendance.line">
            <field name="attendance_id" ref="op_attendance_sheet_25" />
            <field name="present" eval="False" />
            <field name="student_id" ref="openeducat_core.op_student_4" />
        </record>
        <record id="op_attendance_line_101" model="op.attendance.line">
            <field name="attendance_id" ref="op_attendance_sheet_26" />
            <field name="present" eval="True" />
            <field name="student_id" ref="openeducat_core.op_student_1" />
        </record>
        <record id="op_attendance_line_102" model="op.attendance.line">
            <field name="attendance_id" ref="op_attendance_sheet_26" />
            <field name="present" eval="True" />
            <field name="student_id" ref="openeducat_core.op_student_2" />
        </record>
        <record id="op_attendance_line_103" model="op.attendance.line">
            <field name="attendance_id" ref="op_attendance_sheet_26" />
            <field name="present" eval="True" />
            <field name="student_id" ref="openeducat_core.op_student_3" />
        </record>
        <record id="op_attendance_line_104" model="op.attendance.line">
            <field name="attendance_id" ref="op_attendance_sheet_26" />
            <field name="present" eval="True" />
            <field name="student_id" ref="openeducat_core.op_student_4" />
        </record>
        <record id="op_attendance_line_105" model="op.attendance.line">
            <field name="attendance_id" ref="op_attendance_sheet_27" />
            <field name="present" eval="True" />
            <field name="student_id" ref="openeducat_core.op_student_1" />
        </record>
        <record id="op_attendance_line_106" model="op.attendance.line">
            <field name="attendance_id" ref="op_attendance_sheet_27" />
            <field name="present" eval="True" />
            <field name="student_id" ref="openeducat_core.op_student_2" />
        </record>
        <record id="op_attendance_line_107" model="op.attendance.line">
            <field name="attendance_id" ref="op_attendance_sheet_27" />
            <field name="present" eval="True" />
            <field name="student_id" ref="openeducat_core.op_student_3" />
        </record>
        <record id="op_attendance_line_108" model="op.attendance.line">
            <field name="attendance_id" ref="op_attendance_sheet_27" />
            <field name="present" eval="True" />
            <field name="student_id" ref="openeducat_core.op_student_4" />
        </record>
        <record id="op_attendance_line_109" model="op.attendance.line">
            <field name="attendance_id" ref="op_attendance_sheet_28" />
            <field name="present" eval="False" />
            <field name="student_id" ref="openeducat_core.op_student_1" />
        </record>
        <record id="op_attendance_line_110" model="op.attendance.line">
            <field name="attendance_id" ref="op_attendance_sheet_28" />
            <field name="present" eval="True" />
            <field name="student_id" ref="openeducat_core.op_student_2" />
        </record>
        <record id="op_attendance_line_111" model="op.attendance.line">
            <field name="attendance_id" ref="op_attendance_sheet_28" />
            <field name="present" eval="True" />
            <field name="student_id" ref="openeducat_core.op_student_3" />
        </record>
        <record id="op_attendance_line_112" model="op.attendance.line">
            <field name="attendance_id" ref="op_attendance_sheet_28" />
            <field name="present" eval="True" />
            <field name="student_id" ref="openeducat_core.op_student_4" />
        </record>
        <record id="op_attendance_line_113" model="op.attendance.line">
            <field name="attendance_id" ref="op_attendance_sheet_29" />
            <field name="present" eval="True" />
            <field name="student_id" ref="openeducat_core.op_student_1" />
        </record>
        <record id="op_attendance_line_114" model="op.attendance.line">
            <field name="attendance_id" ref="op_attendance_sheet_29" />
            <field name="present" eval="True" />
            <field name="student_id" ref="openeducat_core.op_student_2" />
        </record>
        <record id="op_attendance_line_115" model="op.attendance.line">
            <field name="attendance_id" ref="op_attendance_sheet_29" />
            <field name="present" eval="True" />
            <field name="student_id" ref="openeducat_core.op_student_3" />
        </record>
        <record id="op_attendance_line_116" model="op.attendance.line">
            <field name="attendance_id" ref="op_attendance_sheet_29" />
            <field name="present" eval="True" />
            <field name="student_id" ref="openeducat_core.op_student_4" />
        </record>
        <record id="op_attendance_line_117" model="op.attendance.line">
            <field name="attendance_id" ref="op_attendance_sheet_30" />
            <field name="present" eval="True" />
            <field name="student_id" ref="openeducat_core.op_student_1" />
        </record>
        <record id="op_attendance_line_118" model="op.attendance.line">
            <field name="attendance_id" ref="op_attendance_sheet_30" />
            <field name="present" eval="True" />
            <field name="student_id" ref="openeducat_core.op_student_2" />
        </record>
        <record id="op_attendance_line_119" model="op.attendance.line">
            <field name="attendance_id" ref="op_attendance_sheet_30" />
            <field name="present" eval="False" />
            <field name="student_id" ref="openeducat_core.op_student_3" />
        </record>
        <record id="op_attendance_line_120" model="op.attendance.line">
            <field name="attendance_id" ref="op_attendance_sheet_30" />
            <field name="present" eval="True" />
            <field name="student_id" ref="openeducat_core.op_student_4" />
        </record>
        <record id="op_attendance_line_121" model="op.attendance.line">
            <field name="attendance_id" ref="op_attendance_sheet_31" />
            <field name="present" eval="True" />
            <field name="student_id" ref="openeducat_core.op_student_1" />
        </record>
        <record id="op_attendance_line_122" model="op.attendance.line">
            <field name="attendance_id" ref="op_attendance_sheet_31" />
            <field name="present" eval="True" />
            <field name="student_id" ref="openeducat_core.op_student_2" />
        </record>
        <record id="op_attendance_line_123" model="op.attendance.line">
            <field name="attendance_id" ref="op_attendance_sheet_31" />
            <field name="present" eval="True" />
            <field name="student_id" ref="openeducat_core.op_student_3" />
        </record>
        <record id="op_attendance_line_124" model="op.attendance.line">
            <field name="attendance_id" ref="op_attendance_sheet_31" />
            <field name="present" eval="True" />
            <field name="student_id" ref="openeducat_core.op_student_4" />
        </record>





        <record id="op_attendance_line_125" model="op.attendance.line">
            <field name="attendance_id" ref="op_attendance_sheet_32" />
            <field name="present" eval="True" />
            <field name="student_id" ref="openeducat_core.op_student_1" />
        </record>
        <record id="op_attendance_line_126" model="op.attendance.line">
            <field name="attendance_id" ref="op_attendance_sheet_32" />
            <field name="present" eval="True" />
            <field name="student_id" ref="openeducat_core.op_student_2" />
        </record>
        <record id="op_attendance_line_127" model="op.attendance.line">
            <field name="attendance_id" ref="op_attendance_sheet_32" />
            <field name="present" eval="True" />
            <field name="student_id" ref="openeducat_core.op_student_3" />
        </record>
        <record id="op_attendance_line_128" model="op.attendance.line">
            <field name="attendance_id" ref="op_attendance_sheet_33" />
            <field name="present" eval="True" />
            <field name="student_id" ref="openeducat_core.op_student_1" />
        </record>
        <record id="op_attendance_line_129" model="op.attendance.line">
            <field name="attendance_id" ref="op_attendance_sheet_33" />
            <field name="present" eval="True" />
            <field name="student_id" ref="openeducat_core.op_student_2" />
        </record>
        <record id="op_attendance_line_130" model="op.attendance.line">
            <field name="attendance_id" ref="op_attendance_sheet_33" />
            <field name="present" eval="False" />
            <field name="student_id" ref="openeducat_core.op_student_3" />
        </record>
        <record id="op_attendance_line_131" model="op.attendance.line">
            <field name="attendance_id" ref="op_attendance_sheet_34" />
            <field name="present" eval="True" />
            <field name="student_id" ref="openeducat_core.op_student_1" />
        </record>
        <record id="op_attendance_line_132" model="op.attendance.line">
            <field name="attendance_id" ref="op_attendance_sheet_34" />
            <field name="present" eval="True" />
            <field name="student_id" ref="openeducat_core.op_student_2" />
        </record>
        <record id="op_attendance_line_133" model="op.attendance.line">
            <field name="attendance_id" ref="op_attendance_sheet_34" />
            <field name="present" eval="True" />
            <field name="student_id" ref="openeducat_core.op_student_3" />
        </record>
        <record id="op_attendance_line_134" model="op.attendance.line">
            <field name="attendance_id" ref="op_attendance_sheet_35" />
            <field name="present" eval="True" />
            <field name="student_id" ref="openeducat_core.op_student_1" />
        </record>
        <record id="op_attendance_line_135" model="op.attendance.line">
            <field name="attendance_id" ref="op_attendance_sheet_35" />
            <field name="present" eval="True" />
            <field name="student_id" ref="openeducat_core.op_student_2" />
        </record>
        <record id="op_attendance_line_136" model="op.attendance.line">
            <field name="attendance_id" ref="op_attendance_sheet_35" />
            <field name="present" eval="True" />
            <field name="student_id" ref="openeducat_core.op_student_3" />
        </record>
        <record id="op_attendance_line_137" model="op.attendance.line">
            <field name="attendance_id" ref="op_attendance_sheet_36" />
            <field name="present" eval="False" />
            <field name="student_id" ref="openeducat_core.op_student_1" />
        </record>
        <record id="op_attendance_line_138" model="op.attendance.line">
            <field name="attendance_id" ref="op_attendance_sheet_36" />
            <field name="present" eval="True" />
            <field name="student_id" ref="openeducat_core.op_student_2" />
        </record>
        <record id="op_attendance_line_139" model="op.attendance.line">
            <field name="attendance_id" ref="op_attendance_sheet_36" />
            <field name="present" eval="True" />
            <field name="student_id" ref="openeducat_core.op_student_3" />
        </record>
        <record id="op_attendance_line_140" model="op.attendance.line">
            <field name="attendance_id" ref="op_attendance_sheet_37" />
            <field name="present" eval="True" />
            <field name="student_id" ref="openeducat_core.op_student_1" />
        </record>
        <record id="op_attendance_line_141" model="op.attendance.line">
            <field name="attendance_id" ref="op_attendance_sheet_37" />
            <field name="present" eval="True" />
            <field name="student_id" ref="openeducat_core.op_student_2" />
        </record>
        <record id="op_attendance_line_142" model="op.attendance.line">
            <field name="attendance_id" ref="op_attendance_sheet_37" />
            <field name="present" eval="True" />
            <field name="student_id" ref="openeducat_core.op_student_3" />
        </record>
        <record id="op_attendance_line_143" model="op.attendance.line">
            <field name="attendance_id" ref="op_attendance_sheet_38" />
            <field name="present" eval="True" />
            <field name="student_id" ref="openeducat_core.op_student_1" />
        </record>
        <record id="op_attendance_line_144" model="op.attendance.line">
            <field name="attendance_id" ref="op_attendance_sheet_38" />
            <field name="present" eval="True" />
            <field name="student_id" ref="openeducat_core.op_student_2" />
        </record>
        <record id="op_attendance_line_145" model="op.attendance.line">
            <field name="attendance_id" ref="op_attendance_sheet_38" />
            <field name="present" eval="True" />
            <field name="student_id" ref="openeducat_core.op_student_3" />
        </record>
        <record id="op_attendance_line_146" model="op.attendance.line">
            <field name="attendance_id" ref="op_attendance_sheet_39" />
            <field name="present" eval="True" />
            <field name="student_id" ref="openeducat_core.op_student_1" />
        </record>
        <record id="op_attendance_line_147" model="op.attendance.line">
            <field name="attendance_id" ref="op_attendance_sheet_39" />
            <field name="present" eval="True" />
            <field name="student_id" ref="openeducat_core.op_student_2" />
        </record>
        <record id="op_attendance_line_148" model="op.attendance.line">
            <field name="attendance_id" ref="op_attendance_sheet_39" />
            <field name="present" eval="False" />
            <field name="student_id" ref="openeducat_core.op_student_3" />
        </record>
        <record id="op_attendance_line_149" model="op.attendance.line">
            <field name="attendance_id" ref="op_attendance_sheet_40" />
            <field name="present" eval="True" />
            <field name="student_id" ref="openeducat_core.op_student_1" />
        </record>
        <record id="op_attendance_line_150" model="op.attendance.line">
            <field name="attendance_id" ref="op_attendance_sheet_40" />
            <field name="present" eval="True" />
            <field name="student_id" ref="openeducat_core.op_student_2" />
        </record>
        <record id="op_attendance_line_151" model="op.attendance.line">
            <field name="attendance_id" ref="op_attendance_sheet_40" />
            <field name="present" eval="True" />
            <field name="student_id" ref="openeducat_core.op_student_3" />
        </record>
        <record id="op_attendance_line_152" model="op.attendance.line">
            <field name="attendance_id" ref="op_attendance_sheet_41" />
            <field name="present" eval="True" />
            <field name="student_id" ref="openeducat_core.op_student_1" />
        </record>
        <record id="op_attendance_line_153" model="op.attendance.line">
            <field name="attendance_id" ref="op_attendance_sheet_41" />
            <field name="present" eval="True" />
            <field name="student_id" ref="openeducat_core.op_student_2" />
        </record>
        <record id="op_attendance_line_154" model="op.attendance.line">
            <field name="attendance_id" ref="op_attendance_sheet_41" />
            <field name="present" eval="True" />
            <field name="student_id" ref="openeducat_core.op_student_3" />
        </record>
        <record id="op_attendance_line_155" model="op.attendance.line">
            <field name="attendance_id" ref="op_attendance_sheet_42" />
            <field name="present" eval="False" />
            <field name="student_id" ref="openeducat_core.op_student_1" />
        </record>
        <record id="op_attendance_line_156" model="op.attendance.line">
            <field name="attendance_id" ref="op_attendance_sheet_42" />
            <field name="present" eval="True" />
            <field name="student_id" ref="openeducat_core.op_student_2" />
        </record>
        <record id="op_attendance_line_157" model="op.attendance.line">
            <field name="attendance_id" ref="op_attendance_sheet_42" />
            <field name="present" eval="True" />
            <field name="student_id" ref="openeducat_core.op_student_3" />
        </record>
        <record id="op_attendance_line_158" model="op.attendance.line">
            <field name="attendance_id" ref="op_attendance_sheet_43" />
            <field name="present" eval="True" />
            <field name="student_id" ref="openeducat_core.op_student_1" />
        </record>
        <record id="op_attendance_line_159" model="op.attendance.line">
            <field name="attendance_id" ref="op_attendance_sheet_43" />
            <field name="present" eval="False" />
            <field name="student_id" ref="openeducat_core.op_student_2" />
        </record>
        <record id="op_attendance_line_160" model="op.attendance.line">
            <field name="attendance_id" ref="op_attendance_sheet_43" />
            <field name="present" eval="True" />
            <field name="student_id" ref="openeducat_core.op_student_3" />
        </record>
        <record id="op_attendance_line_161" model="op.attendance.line">
            <field name="attendance_id" ref="op_attendance_sheet_44" />
            <field name="present" eval="True" />
            <field name="student_id" ref="openeducat_core.op_student_1" />
        </record>
        <record id="op_attendance_line_162" model="op.attendance.line">
            <field name="attendance_id" ref="op_attendance_sheet_44" />
            <field name="present" eval="True" />
            <field name="student_id" ref="openeducat_core.op_student_2" />
        </record>
        <record id="op_attendance_line_163" model="op.attendance.line">
            <field name="attendance_id" ref="op_attendance_sheet_44" />
            <field name="present" eval="True" />
            <field name="student_id" ref="openeducat_core.op_student_3" />
        </record>
        <record id="op_attendance_line_164" model="op.attendance.line">
            <field name="attendance_id" ref="op_attendance_sheet_45" />
            <field name="present" eval="True" />
            <field name="student_id" ref="openeducat_core.op_student_1" />
        </record>
        <record id="op_attendance_line_165" model="op.attendance.line">
            <field name="attendance_id" ref="op_attendance_sheet_45" />
            <field name="present" eval="True" />
            <field name="student_id" ref="openeducat_core.op_student_2" />
        </record>
        <record id="op_attendance_line_166" model="op.attendance.line">
            <field name="attendance_id" ref="op_attendance_sheet_45" />
            <field name="present" eval="True" />
            <field name="student_id" ref="openeducat_core.op_student_3" />
        </record>
        <record id="op_attendance_line_167" model="op.attendance.line">
            <field name="attendance_id" ref="op_attendance_sheet_46" />
            <field name="present" eval="True" />
            <field name="student_id" ref="openeducat_core.op_student_1" />
        </record>
        <record id="op_attendance_line_168" model="op.attendance.line">
            <field name="attendance_id" ref="op_attendance_sheet_46" />
            <field name="present" eval="False" />
            <field name="student_id" ref="openeducat_core.op_student_2" />
        </record>
        <record id="op_attendance_line_169" model="op.attendance.line">
            <field name="attendance_id" ref="op_attendance_sheet_46" />
            <field name="present" eval="True" />
            <field name="student_id" ref="openeducat_core.op_student_3" />
        </record>
        <record id="op_attendance_line_170" model="op.attendance.line">
            <field name="attendance_id" ref="op_attendance_sheet_47" />
            <field name="present" eval="True" />
            <field name="student_id" ref="openeducat_core.op_student_1" />
        </record>
        <record id="op_attendance_line_171" model="op.attendance.line">
            <field name="attendance_id" ref="op_attendance_sheet_47" />
            <field name="present" eval="True" />
            <field name="student_id" ref="openeducat_core.op_student_2" />
        </record>
        <record id="op_attendance_line_172" model="op.attendance.line">
            <field name="attendance_id" ref="op_attendance_sheet_47" />
            <field name="present" eval="True" />
            <field name="student_id" ref="openeducat_core.op_student_3" />
        </record>
        <record id="op_attendance_line_173" model="op.attendance.line">
            <field name="attendance_id" ref="op_attendance_sheet_48" />
            <field name="present" eval="True" />
            <field name="student_id" ref="openeducat_core.op_student_1" />
        </record>
        <record id="op_attendance_line_174" model="op.attendance.line">
            <field name="attendance_id" ref="op_attendance_sheet_48" />
            <field name="present" eval="True" />
            <field name="student_id" ref="openeducat_core.op_student_2" />
        </record>
        <record id="op_attendance_line_175" model="op.attendance.line">
            <field name="attendance_id" ref="op_attendance_sheet_48" />
            <field name="present" eval="False" />
            <field name="student_id" ref="openeducat_core.op_student_3" />
        </record>
        <record id="op_attendance_line_176" model="op.attendance.line">
            <field name="attendance_id" ref="op_attendance_sheet_49" />
            <field name="present" eval="True" />
            <field name="student_id" ref="openeducat_core.op_student_1" />
        </record>
        <record id="op_attendance_line_177" model="op.attendance.line">
            <field name="attendance_id" ref="op_attendance_sheet_49" />
            <field name="present" eval="True" />
            <field name="student_id" ref="openeducat_core.op_student_2" />
        </record>
        <record id="op_attendance_line_178" model="op.attendance.line">
            <field name="attendance_id" ref="op_attendance_sheet_49" />
            <field name="present" eval="True" />
            <field name="student_id" ref="openeducat_core.op_student_3" />
        </record>
        <record id="op_attendance_line_179" model="op.attendance.line">
            <field name="attendance_id" ref="op_attendance_sheet_50" />
            <field name="present" eval="True" />
            <field name="student_id" ref="openeducat_core.op_student_1" />
        </record>
        <record id="op_attendance_line_180" model="op.attendance.line">
            <field name="attendance_id" ref="op_attendance_sheet_50" />
            <field name="present" eval="True" />
            <field name="student_id" ref="openeducat_core.op_student_2" />
        </record>
        <record id="op_attendance_line_181" model="op.attendance.line">
            <field name="attendance_id" ref="op_attendance_sheet_50" />
            <field name="present" eval="True" />
            <field name="student_id" ref="openeducat_core.op_student_3" />
        </record>
        <record id="op_attendance_line_182" model="op.attendance.line">
            <field name="attendance_id" ref="op_attendance_sheet_51" />
            <field name="present" eval="True" />
            <field name="student_id" ref="openeducat_core.op_student_1" />
        </record>
        <record id="op_attendance_line_183" model="op.attendance.line">
            <field name="attendance_id" ref="op_attendance_sheet_51" />
            <field name="present" eval="True" />
            <field name="student_id" ref="openeducat_core.op_student_2" />
        </record>
        <record id="op_attendance_line_184" model="op.attendance.line">
            <field name="attendance_id" ref="op_attendance_sheet_51" />
            <field name="present" eval="True" />
            <field name="student_id" ref="openeducat_core.op_student_3" />
        </record>
        <record id="op_attendance_line_185" model="op.attendance.line">
            <field name="attendance_id" ref="op_attendance_sheet_52" />
            <field name="present" eval="True" />
            <field name="student_id" ref="openeducat_core.op_student_1" />
        </record>
        <record id="op_attendance_line_186" model="op.attendance.line">
            <field name="attendance_id" ref="op_attendance_sheet_52" />
            <field name="present" eval="True" />
            <field name="student_id" ref="openeducat_core.op_student_2" />
        </record>
        <record id="op_attendance_line_187" model="op.attendance.line">
            <field name="attendance_id" ref="op_attendance_sheet_52" />
            <field name="present" eval="True" />
            <field name="student_id" ref="openeducat_core.op_student_3" />
        </record>
        <record id="op_attendance_line_188" model="op.attendance.line">
            <field name="attendance_id" ref="op_attendance_sheet_53" />
            <field name="present" eval="True" />
            <field name="student_id" ref="openeducat_core.op_student_1" />
        </record>
        <record id="op_attendance_line_189" model="op.attendance.line">
            <field name="attendance_id" ref="op_attendance_sheet_53" />
            <field name="present" eval="True" />
            <field name="student_id" ref="openeducat_core.op_student_2" />
        </record>
        <record id="op_attendance_line_190" model="op.attendance.line">
            <field name="attendance_id" ref="op_attendance_sheet_53" />
            <field name="present" eval="True" />
            <field name="student_id" ref="openeducat_core.op_student_3" />
        </record>
        <record id="op_attendance_line_191" model="op.attendance.line">
            <field name="attendance_id" ref="op_attendance_sheet_54" />
            <field name="present" eval="True" />
            <field name="student_id" ref="openeducat_core.op_student_1" />
        </record>
        <record id="op_attendance_line_192" model="op.attendance.line">
            <field name="attendance_id" ref="op_attendance_sheet_54" />
            <field name="present" eval="True" />
            <field name="student_id" ref="openeducat_core.op_student_2" />
        </record>
        <record id="op_attendance_line_193" model="op.attendance.line">
            <field name="attendance_id" ref="op_attendance_sheet_54" />
            <field name="present" eval="True" />
            <field name="student_id" ref="openeducat_core.op_student_3" />
        </record>
        <record id="op_attendance_line_194" model="op.attendance.line">
            <field name="attendance_id" ref="op_attendance_sheet_55" />
            <field name="present" eval="True" />
            <field name="student_id" ref="openeducat_core.op_student_1" />
        </record>
        <record id="op_attendance_line_195" model="op.attendance.line">
            <field name="attendance_id" ref="op_attendance_sheet_55" />
            <field name="present" eval="False" />
            <field name="student_id" ref="openeducat_core.op_student_2" />
        </record>
        <record id="op_attendance_line_196" model="op.attendance.line">
            <field name="attendance_id" ref="op_attendance_sheet_55" />
            <field name="present" eval="True" />
            <field name="student_id" ref="openeducat_core.op_student_3" />
        </record>
        <record id="op_attendance_line_197" model="op.attendance.line">
            <field name="attendance_id" ref="op_attendance_sheet_56" />
            <field name="present" eval="True" />
            <field name="student_id" ref="openeducat_core.op_student_1" />
        </record>
        <record id="op_attendance_line_198" model="op.attendance.line">
            <field name="attendance_id" ref="op_attendance_sheet_56" />
            <field name="present" eval="True" />
            <field name="student_id" ref="openeducat_core.op_student_2" />
        </record>
        <record id="op_attendance_line_199" model="op.attendance.line">
            <field name="attendance_id" ref="op_attendance_sheet_56" />
            <field name="present" eval="True" />
            <field name="student_id" ref="openeducat_core.op_student_3" />
        </record>
        <record id="op_attendance_line_200" model="op.attendance.line">
            <field name="attendance_id" ref="op_attendance_sheet_57" />
            <field name="present" eval="True" />
            <field name="student_id" ref="openeducat_core.op_student_1" />
        </record>
        <record id="op_attendance_line_201" model="op.attendance.line">
            <field name="attendance_id" ref="op_attendance_sheet_57" />
            <field name="present" eval="True" />
            <field name="student_id" ref="openeducat_core.op_student_2" />
        </record>
        <record id="op_attendance_line_202" model="op.attendance.line">
            <field name="attendance_id" ref="op_attendance_sheet_57" />
            <field name="present" eval="True" />
            <field name="student_id" ref="openeducat_core.op_student_3" />
        </record>
        <record id="op_attendance_line_203" model="op.attendance.line">
            <field name="attendance_id" ref="op_attendance_sheet_58" />
            <field name="present" eval="True" />
            <field name="student_id" ref="openeducat_core.op_student_1" />
        </record>
        <record id="op_attendance_line_204" model="op.attendance.line">
            <field name="attendance_id" ref="op_attendance_sheet_58" />
            <field name="present" eval="True" />
            <field name="student_id" ref="openeducat_core.op_student_2" />
        </record>
        <record id="op_attendance_line_205" model="op.attendance.line">
            <field name="attendance_id" ref="op_attendance_sheet_58" />
            <field name="present" eval="True" />
            <field name="student_id" ref="openeducat_core.op_student_3" />
        </record>
        <record id="op_attendance_line_206" model="op.attendance.line">
            <field name="attendance_id" ref="op_attendance_sheet_59" />
            <field name="present" eval="False" />
            <field name="student_id" ref="openeducat_core.op_student_1" />
        </record>
        <record id="op_attendance_line_207" model="op.attendance.line">
            <field name="attendance_id" ref="op_attendance_sheet_59" />
            <field name="present" eval="True" />
            <field name="student_id" ref="openeducat_core.op_student_2" />
        </record>
        <record id="op_attendance_line_208" model="op.attendance.line">
            <field name="attendance_id" ref="op_attendance_sheet_59" />
            <field name="present" eval="True" />
            <field name="student_id" ref="openeducat_core.op_student_3" />
        </record>
        <record id="op_attendance_line_209" model="op.attendance.line">
            <field name="attendance_id" ref="op_attendance_sheet_60" />
            <field name="present" eval="True" />
            <field name="student_id" ref="openeducat_core.op_student_1" />
        </record>
        <record id="op_attendance_line_210" model="op.attendance.line">
            <field name="attendance_id" ref="op_attendance_sheet_60" />
            <field name="present" eval="True" />
            <field name="student_id" ref="openeducat_core.op_student_2" />
        </record>
        <record id="op_attendance_line_211" model="op.attendance.line">
            <field name="attendance_id" ref="op_attendance_sheet_60" />
            <field name="present" eval="True" />
            <field name="student_id" ref="openeducat_core.op_student_3" />
        </record>
        <record id="op_attendance_line_212" model="op.attendance.line">
            <field name="attendance_id" ref="op_attendance_sheet_61" />
            <field name="present" eval="True" />
            <field name="student_id" ref="openeducat_core.op_student_1" />
        </record>
        <record id="op_attendance_line_213" model="op.attendance.line">
            <field name="attendance_id" ref="op_attendance_sheet_61" />
            <field name="present" eval="True" />
            <field name="student_id" ref="openeducat_core.op_student_2" />
        </record>
        <record id="op_attendance_line_214" model="op.attendance.line">
            <field name="attendance_id" ref="op_attendance_sheet_61" />
            <field name="present" eval="True" />
            <field name="student_id" ref="openeducat_core.op_student_3" />
        </record>
        <record id="op_attendance_line_215" model="op.attendance.line">
            <field name="attendance_id" ref="op_attendance_sheet_62" />
            <field name="present" eval="False" />
            <field name="student_id" ref="openeducat_core.op_student_1" />
        </record>
        <record id="op_attendance_line_216" model="op.attendance.line">
            <field name="attendance_id" ref="op_attendance_sheet_62" />
            <field name="present" eval="True" />
            <field name="student_id" ref="openeducat_core.op_student_2" />
        </record>
        <record id="op_attendance_line_217" model="op.attendance.line">
            <field name="attendance_id" ref="op_attendance_sheet_62" />
            <field name="present" eval="True" />
            <field name="student_id" ref="openeducat_core.op_student_3" />
        </record>

    </data>
</odoo>
