<?xml version="1.0" encoding="utf-8"?>
<odoo>
    <data noupdate="1">

        <record id="op_facility_1" model="op.facility">
            <field name="code">ac</field>
            <field name="name">AC</field>
        </record>

        <record id="op_facility_2" model="op.facility">
            <field name="code">tv</field>
            <field name="name">TV</field>
        </record>

        <record id="op_facility_3" model="op.facility">
            <field name="code">wifi</field>
            <field name="name">WiFi</field>
        </record>

        <record id="op_facility_4" model="op.facility">
            <field name="code">ro</field>
            <field name="name">RO Water</field>
        </record>
    </data>
</odoo>
