<?xml version="1.0" encoding="utf-8"?>
<odoo>
    <data noupdate="1">

        <record id="website.default_website" model="website">
            <field name="social_twitter">https://twitter.com/openeducat</field>
            <field name="social_facebook">https://facebook.com/openeducat</field>
            <field name="social_googleplus">https://plus.google.com/+OpenEduCat</field>
            <field name="social_github">https://github.com/openeducat</field>
            <field name="social_youtube">https://youtube.com/channel/UC7HLHTgfsOTE-ueRVNZ4Avg</field>
            <field name="social_linkedin"></field>
        </record>

        <template id="footer_default_openeducat" inherit_id="website.footer_default" customize_show="True" name="Automatic Footer">
            <xpath expr="//div[hasclass('col-md-4', 'col-lg-5', 'col-lg-offset-1')]/div" position="replace">
                <div>
                    <p>
                        OpenEduCat is a product developed by Tech-Receptives
                        Solutions Pvt. Ltd., an expert company focusing in providing
                        unique open source solutions.
                        <br />
                        In due course we accumulated a team of strong, experienced,
                        creative, talented and dedicated engineers and designers.
                    </p>
                    <p>Our products apply unique and powerful technology that
                        helps educational institutes manage, connect, communicate and
                        collaborate effectively among students, teachers and back
                        office.
                    </p>
                </div>
            </xpath>
        </template>

        <template id="aboutus_openeducat" inherit_id="website.aboutus" name="About us">
            <xpath expr="//div[hasclass('col-md-12')]/h3" position="replace">
                <h3 class="text-muted text-center">Comprehensive Open Source ERP for Educational Institutes</h3>
            </xpath>
            <xpath expr="//div[hasclass('col-md-6', 'mt32')]" position="replace">
                <div class="col-md-6 mt32">
                    <p>
                        OpenEduCat is a product developed by Tech-Receptives
                        Solutions Pvt. Ltd., an expert company focusing in providing
                        unique open source solutions.
                        <br />
                        In due course we accumulated a team of strong, experienced,
                        creative, talented and dedicated engineers and designers.
                    </p>
                    <p>Our products apply unique and powerful technology that
                        helps educational institutes manage, connect, communicate and
                        collaborate effectively among students, teachers and back
                        office.
                    </p>
                    <p>Education is an integral part of our society -- it enables
                        individuals, community and other section of the society to
                        endure the hardships of life with knowledge and intellect.
                        Open Source, on the other hand, acts as a fuel to education
                        and other acts of freedom in the software related field.
                    </p>
                    <p>TechReceptives understand both Open Source and Educational
                        needs of the society and have come up their novel approach
                        for educational institute -- a full open source ERP solution,
                        that provides the educational institute for managing
                        different kinds of activities related to management and other
                        collaborative efforts.
                    </p>
                </div>
            </xpath>
        </template>

    </data>
</odoo>
