<?xml version="1.0" encoding="utf-8"?>
<odoo>
    <data noupdate="1">

        <record id="op_library_card_1" model="op.library.card">
            <field name="library_card_type_id" ref="op_library_card_type_1" />
            <field name="type">student</field>
            <field name="partner_id" ref="openeducat_core.op_student_4_res_partner" />
            <field name="student_id" ref="openeducat_core.op_student_4" />
            <field name="issue_date" eval="datetime.now()" />
        </record>

        <record id="op_library_card_2" model="op.library.card">
            <field name="library_card_type_id" ref="op_library_card_type_1" />
            <field name="type">student</field>
            <field name="partner_id" ref="openeducat_core.op_student_5_res_partner" />
            <field name="student_id" ref="openeducat_core.op_student_5" />
            <field name="issue_date" eval="datetime.now()" />
        </record>

        <record id="op_library_card_3" model="op.library.card">
            <field name="library_card_type_id" ref="op_library_card_type_1" />
            <field name="type">student</field>
            <field name="partner_id" ref="openeducat_core.op_student_6_res_partner" />
            <field name="student_id" ref="openeducat_core.op_student_6" />
            <field name="issue_date" eval="datetime.now()" />
        </record>

        <record id="op_library_card_4" model="op.library.card">
            <field name="library_card_type_id" ref="op_library_card_type_1" />
            <field name="type">student</field>
            <field name="partner_id" ref="openeducat_core.op_student_7_res_partner" />
            <field name="student_id" ref="openeducat_core.op_student_7" />
            <field name="issue_date" eval="datetime.now()" />
        </record>

        <record id="op_library_card_5" model="op.library.card">
            <field name="library_card_type_id" ref="op_library_card_type_1" />
            <field name="type">student</field>
            <field name="partner_id" ref="openeducat_core.op_student_1_res_partner" />
            <field name="student_id" ref="openeducat_core.op_student_1" />
            <field name="issue_date" eval="datetime.now()" />
        </record>

        <record id="op_library_card_6" model="op.library.card">
            <field name="library_card_type_id" ref="op_library_card_type_1" />
            <field name="type">student</field>
            <field name="partner_id" ref="openeducat_core.op_student_2_res_partner" />
            <field name="student_id" ref="openeducat_core.op_student_2" />
            <field name="issue_date" eval="datetime.now()" />
        </record>

        <record id="op_library_card_7" model="op.library.card">
            <field name="library_card_type_id" ref="op_library_card_type_1" />
            <field name="type">student</field>
            <field name="partner_id" ref="openeducat_core.op_student_3_res_partner" />
            <field name="student_id" ref="openeducat_core.op_student_3" />
            <field name="issue_date" eval="datetime.now()" />
        </record>

        <record id="op_library_card_8" model="op.library.card">
            <field name="library_card_type_id" ref="op_library_card_type_1" />
            <field name="type">student</field>
            <field name="partner_id" ref="openeducat_core.op_student_8_res_partner" />
            <field name="student_id" ref="openeducat_core.op_student_8" />
            <field name="issue_date" eval="datetime.now()" />
        </record>

    </data>
</odoo>
