<?xml version="1.0" encoding="utf-8"?>
<odoo>
    <data noupdate="1">

        <record id="op_media_unit_20" model="op.media.unit">
            <field name="name">Troposhere in Details-U001</field>
            <field name="state">issue</field>
            <field name="media_id" ref="op_media_1" />
        </record>

        <record id="op_media_unit_2" model="op.media.unit">
            <field name="name">Troposhere in Details-U002</field>
            <field name="state">issue</field>
            <field name="media_id" ref="op_media_1" />
        </record>

        <record id="op_media_unit_3" model="op.media.unit">
            <field name="name">Troposhere in Details-U003</field>
            <field name="state">available</field>
            <field name="media_id" ref="op_media_1" />
        </record>


        <record id="op_media_unit_4" model="op.media.unit">
            <field name="name">Land Restoration Techniques-Science-U0001
            </field>
            <field name="state">issue</field>
            <field name="media_id" ref="op_media_2" />
        </record>

        <record id="op_media_unit_5" model="op.media.unit">
            <field name="name">Land Restoration Techniques-Science-U0002
            </field>
            <field name="state">issue</field>
            <field name="media_id" ref="op_media_2" />
        </record>


        <record id="op_media_unit_6" model="op.media.unit">
            <field name="name">Land Restoration Techniques-Science-U0003
            </field>
            <field name="state">available</field>
            <field name="media_id" ref="op_media_2" />
        </record>

        <record id="op_media_unit_7" model="op.media.unit">
            <field name="name">Basic Accounting-U0001</field>
            <field name="state">issue</field>
            <field name="media_id" ref="op_media_3" />
        </record>

        <record id="op_media_unit_8" model="op.media.unit">
            <field name="name">Basic Accounting-U0002</field>
            <field name="state">issue</field>
            <field name="media_id" ref="op_media_3" />
        </record>

        <record id="op_media_unit_9" model="op.media.unit">
            <field name="name">Basic Accounting-U0003</field>
            <field name="state">available</field>
            <field name="media_id" ref="op_media_3" />
        </record>

        <record id="op_media_unit_10" model="op.media.unit">
            <field name="name">Basic Accounting-U0004</field>
            <field name="state">available</field>
            <field name="media_id" ref="op_media_3" />
        </record>

        <record id="op_media_unit_11" model="op.media.unit">
            <field name="name">Basic Accounting-U0005</field>
            <field name="state">available</field>
            <field name="media_id" ref="op_media_3" />
        </record>

        <record id="op_media_unit_12" model="op.media.unit">
            <field name="name">Advanced Accounting-U0001</field>
            <field name="state">issue</field>
            <field name="media_id" ref="op_media_4" />
        </record>

        <record id="op_media_unit_13" model="op.media.unit">
            <field name="name">Advanced Accounting-U0002</field>
            <field name="state">issue</field>
            <field name="media_id" ref="op_media_4" />
        </record>

        <record id="op_media_unit_14" model="op.media.unit">
            <field name="name">Advanced Accounting-U0003</field>
            <field name="state">available</field>
            <field name="media_id" ref="op_media_4" />
        </record>

        <record id="op_media_unit_15" model="op.media.unit">
            <field name="name">Advanced Accounting-U0004</field>
            <field name="state">available</field>
            <field name="media_id" ref="op_media_4" />
        </record>

        <record id="op_media_unit_16" model="op.media.unit">
            <field name="name">Advanced Accounting-U0005</field>
            <field name="state">available</field>
            <field name="media_id" ref="op_media_4" />
        </record>

    </data>
</odoo>
