<?xml version="1.0" encoding="utf-8"?>
<odoo>
    <data noupdate="1">

        <record id="op_media_queue_1" model="op.media.queue">
            <field name="media_id" ref="op_media_3" />
            <field name="state">request</field>
            <field name="date_from">2015-04-13</field>
            <field name="date_to">2015-04-22</field>
        </record>

        <record id="op_media_queue_2" model="op.media.queue">
            <field name="media_id" ref="op_media_3" />
            <field name="state">request</field>
            <field name="date_from">2015-10-01</field>
            <field name="date_to">2015-10-15</field>
        </record>

        <record id="op_media_queue_3" model="op.media.queue">
            <field name="media_id" ref="op_media_3" />
            <field name="state">request</field>
            <field name="date_from">2015-06-08</field>
            <field name="date_to">2015-06-25</field>
        </record>

        <record id="op_media_queue_4" model="op.media.queue">
            <field name="media_id" ref="op_media_3" />
            <field name="state">request</field>
            <field name="date_from">2015-05-01</field>
            <field name="date_to">2015-05-19</field>
        </record>

        <record id="op_media_queue_5" model="op.media.queue">
            <field name="media_id" ref="op_media_3" />
            <field name="state">accept</field>
            <field name="date_from">2015-07-01</field>
            <field name="date_to">2015-07-29</field>
        </record>
    </data>
</odoo>
