<?xml version="1.0" encoding="utf-8"?>
<odoo>
    <data noupdate="1">

        <record id="op_media_1" model="op.media">
            <field name="name">Troposhere In Detail</field>
            <field name="edition">3rd Edition</field>
            <field name="isbn">234332232323</field>
            <field name="internal_code">123322223</field>
            <field name="author_ids" eval="[(4, ref('op_author_1'))]" />
            <field name="course_ids"
                eval="[(6,0, [ref('openeducat_core.op_course_4')])]" />
            <field name="publisher_ids" eval="[(6,0, [ref('op_publisher_1')])]" />
            <field name="tags"
                eval="[(6,0, [ref('op_tag_2')])]" />
            <field name="subject_ids"
                eval="[(6,0, [ref('openeducat_core.op_subject_1'), ref('openeducat_core.op_subject_4')])]" />
            <field name="media_type_id" ref="media_type_1" />
        </record>

        <record id="op_media_2" model="op.media">
            <field name="name">Land Restoration Techniques-Science
            </field>
            <field name="edition">3rd Edition</field>
            <field name="isbn">334432323323</field>
            <field name="internal_code">843833433</field>
            <field name="author_ids" eval="[(4, ref('op_author_6'))]" />
            <field name="course_ids"
                eval="[(6,0, [ref('openeducat_core.op_course_4')])]" />
            <field name="publisher_ids" eval="[(6,0, [ref('op_publisher_2')])]" />
            <field name="tags"
                eval="[(6,0, [ref('op_tag_1'), ref('op_tag_4')])]" />
            <field name="subject_ids"
                eval="[(6,0, [ref('openeducat_core.op_subject_3'), ref('openeducat_core.op_subject_5')])]" />
            <field name="media_type_id" ref="media_type_2" />
        </record>

        <record id="op_media_3" model="op.media">
            <field name="name">Basic Accounting</field>
            <field name="edition">4th Edition</field>
            <field name="isbn">634483832909</field>
            <field name="internal_code">343323235</field>
            <field name="author_ids" eval="[(6,0, [ref('op_author_2')])]" />
            <field name="course_ids"
                eval="[(6,0, [ref('openeducat_core.op_course_2')])]" />
            <field name="publisher_ids" eval="[(6,0, [ref('op_publisher_3')])]" />
            <field name="tags" eval="[(6,0, [ref('op_tag_5')])]" />
            <field name="subject_ids"
                eval="[(6,0, [ref('openeducat_core.op_subject_6')])]" />
            <field name="media_type_id" ref="media_type_4" />
        </record>

        <record id="op_media_4" model="op.media">
            <field name="name">Advanced Accounting</field>
            <field name="edition">1st Edition</field>
            <field name="isbn">634483832562</field>
            <field name="internal_code">8765643564</field>
            <field name="author_ids" eval="[(6,0, [ref('op_author_5')])]" />
            <field name="course_ids"
                eval="[(6,0, [ref('openeducat_core.op_course_3')])]" />
            <field name="publisher_ids" eval="[(6,0, [ref('op_publisher_1')])]" />
            <field name="tags" eval="[(6,0, [ref('op_tag_5')])]" />
            <field name="subject_ids"
                eval="[(6,0, [ref('openeducat_core.op_subject_10'), ref('openeducat_core.op_subject_12')])]" />
            <field name="media_type_id" ref="media_type_5" />
        </record>

    </data>
</odoo>
