<?xml version="1.0" encoding="UTF-8"?>
<odoo>
    <data noupdate="1">

        <template id="feature_openeducat" inherit_id="website.layout">
            <xpath expr="//div[@id='wrapwrap']/header/div[hasclass('navbar-static-top')]" position="attributes">
                <attribute name="class">navbar navbar-default yamm
                    navbar-static-top
                </attribute>
            </xpath>
            <xpath expr="//ul[@id='top_menu']/li" position="before">

                <li class="dropdown yamm-fw">
                    <a href="#" class="dropdown-toggle" data-toggle="dropdown">
                        <span> Features</span>
                        <span class="caret" />
                    </a>
                    <ul class="dropdown-menu" role="menu">
                        <div class="yamm-content">
                            <div class="row features">
                                <div class="col-md-12 mt16">
                                    <div class="col-md-12 ">
                                        <div class="col-md-3 ">
                                            <ul class="list-unstyled mb32">
                                                <li class="btm-li-border">
                                                    <h5>
                                                        <strong>
                                                            Core
                                                        </strong>
                                                    </h5>
                                                </li>
                                                <li class="li-bo-border">
                                                    <i
                                                        class="fa fa-child i-bo-pad fa-li-po pr8" />
                                                    <a
                                                        href="https://www.openeducat.org/page/features/student">Student</a>
                                                </li>
                                                <li class="li-bo-border">
                                                    <i
                                                        class="fa fa-users i-bo-pad fa-li-po pr8" />
                                                    <a
                                                        href="https://www.openeducat.org/page/features/faculty">Faculty</a>
                                                </li>
                                                <li class="li-bo-border">
                                                    <i
                                                        class="fa fa-leanpub i-bo-pad fa-li-po pr8" />
                                                    <a
                                                        href="https://www.openeducat.org/page/features/course">Course</a>
                                                </li>
                                                <li class="li-bo-border">
                                                    <i
                                                        class="fa fa-check-square-o i-bo-pad fa-li-po pr8" />
                                                    <a
                                                        href="https://www.openeducat.org/page/features/enrollment">Enrollment
                                                    </a>
                                                </li>
                                                <li class="li-bo-border">
                                                    <i
                                                        class="fa fa-pencil i-bo-pad fa-li-po pr8" />
                                                    <a
                                                        href="https://www.openeducat.org/page/features/exam">Exam</a>
                                                </li>
                                                <li class="li-bo-border">
                                                    <i
                                                        class="fa fa-money i-bo-pad fa-li-po pr8" />
                                                    <a
                                                        href="https://www.openeducat.org/page/features/financial">Financial
                                                    </a>
                                                </li>
                                            </ul>
                                        </div>
                                        <div class="col-md-3">
                                            <ul class="list-unstyled mb32">
                                                <li class="btm-li-border">
                                                    <h5>
                                                        <strong>
                                                            Essential
                                                        </strong>
                                                    </h5>
                                                </li>
                                                <li class="li-bo-border">
                                                    <i
                                                        class="fa fa-pencil-square-o i-bo-pad fa-li-po pr8" />
                                                    <a
                                                        href="https://www.openeducat.org/page/features/application">Application
                                                    </a>
                                                </li>
                                                <li class="li-bo-border">
                                                    <i
                                                        class="fa fa-usd i-bo-pad fa-li-po pr8" />
                                                    <a
                                                        href="https://www.openeducat.org/page/features/payment">Payment</a>
                                                </li>
                                                <li class="li-bo-border">
                                                    <i
                                                        class="fa fa-university i-bo-pad fa-li-po pr8" />
                                                    <a
                                                        href="https://www.openeducat.org/page/features/classroom">Class</a>
                                                </li>
                                                <li class="li-bo-border">
                                                    <i
                                                        class="fa fa-calendar i-bo-pad fa-li-po pr8" />
                                                    <a
                                                        href="https://www.openeducat.org/page/features/timetable">Time Table
                                                    </a>
                                                </li>
                                                <li class="li-bo-border">
                                                    <i
                                                        class="fa fa-hand-o-up i-bo-pad fa-li-po pr8" />
                                                    <a
                                                        href="https://www.openeducat.org/page/features/attendance">Attendance
                                                    </a>
                                                </li>
                                                <li class="li-bo-border">
                                                    <i
                                                        class="fa fa-file-text-o i-bo-pad fa-li-po pr8" />
                                                    <a
                                                        href="https://www.openeducat.org/page/features/assignment">Assignment
                                                    </a>
                                                </li>
                                            </ul>
                                        </div>
                                        <div class="col-md-3 ">
                                            <ul class="list-unstyled mb32">
                                                <li class="btm-li-border">
                                                    <h5>
                                                        <strong>
                                                            Advance
                                                        </strong>
                                                    </h5>
                                                </li>
                                                <li class="li-bo-border">
                                                    <i
                                                        class="fa fa-book i-bo-pad fa-li-po pr8" />
                                                    <a
                                                        href="https://www.openeducat.org/page/features/library">Library</a>
                                                </li>
                                                <li class="li-bo-border">
                                                    <i
                                                        class="fa fa-line-chart i-bo-pad fa-li-po pr8" />
                                                    <a
                                                        href="https://www.openeducat.org/page/features/results">Result</a>
                                                </li>
                                                <li class="li-bo-border">
                                                    <i
                                                        class="fa fa-flag i-bo-pad fa-li-po pr8" />
                                                    <a
                                                        href="https://www.openeducat.org/page/features/events">Event</a>
                                                </li>
                                                <li class="li-bo-border">
                                                    <i
                                                        class="fa fa-tachometer i-bo-pad fa-li-po pr8" />
                                                    <a
                                                        href="https://www.openeducat.org/page/features/dashboard">Dashboard
                                                    </a>
                                                </li>
                                                <li class="li-bo-border">
                                                    <i
                                                        class="fa fa-pie-chart i-bo-pad fa-li-po pr8" />
                                                    <a
                                                        href="https://www.openeducat.org/page/features/reporting">Reporting
                                                    </a>
                                                </li>
                                                <li class="li-bo-border">
                                                    <i
                                                        class="fa fa-mobile i-bo-pad fa-li-po pr8" />
                                                    <a
                                                        href="https://www.openeducat.org/page/features/mobile-application">Mobile
                                                        Application
                                                    </a>
                                                </li>
                                            </ul>
                                        </div>
                                        <div class="col-md-3 ">
                                            <ul class="list-unstyled mb32">
                                                <li class="btm-li-border">
                                                    <h5>
                                                        <strong>
                                                            Manage
                                                            Better
                                                        </strong>
                                                    </h5>
                                                </li>
                                                <li class="li-bo-border">
                                                    <i
                                                        class="fa fa-building-o i-bo-pad fa-li-po pr8" />
                                                    <a
                                                        href="https://www.openeducat.org/page/features/hostel">Hostel</a>
                                                </li>
                                                <li class="li-bo-border">
                                                    <i
                                                        class="fa fa-cutlery i-bo-pad fa-li-po pr8" />
                                                    <a
                                                        href="https://www.openeducat.org/page/features/canteen">Canteen</a>
                                                </li>
                                                <li class="li-bo-border">
                                                    <i
                                                        class="fa fa-bus i-bo-pad fa-li-po pr8" />
                                                    <a
                                                        href="https://www.openeducat.org/page/features/transportation">Transportation
                                                    </a>
                                                </li>
                                                <li class="li-bo-border">
                                                    <i
                                                        class="fa fa-leaf i-bo-pad fa-li-po pr8" />
                                                    <a
                                                        href="https://www.openeducat.org/page/features/facility">Facility
                                                    </a>
                                                </li>
                                                <li class="li-bo-border">
                                                    <i
                                                        class="fa fa-graduation-cap i-bo-pad fa-li-po pr8" />
                                                    <a
                                                        href="https://www.openeducat.org/page/features/placement">Placement
                                                    </a>
                                                </li>
                                                <li class="li-bo-border">
                                                    <i
                                                        class="fa fa-user i-bo-pad fa-li-po pr8" />
                                                    <a
                                                        href="https://www.openeducat.org/page/features/parentlogin">Parent
                                                        Login
                                                    </a>
                                                </li>
                                            </ul>
                                        </div>
                                        <div class="col-md-3">
                                            <ul class="list-unstyled mb32">
                                                <li class="btm-li-border">
                                                    <h5>
                                                        <strong>
                                                            Communicate
                                                            n
                                                            Collaborate
                                                        </strong>
                                                    </h5>
                                                </li>
                                                <li class="li-bo-border">
                                                    <i
                                                        class="fa fa-question i-bo-pad fa-li-po pr8" />
                                                    <a
                                                        href="https://www.openeducat.org/page/features/forum">Forum</a>
                                                </li>
                                                <li class="li-bo-border">
                                                    <i
                                                        class="fa fa-list-alt i-bo-pad fa-li-po pr8" />
                                                    <a
                                                        href="https://www.openeducat.org/page/features/survey">Survey</a>
                                                </li>
                                                <li class="li-bo-border">
                                                    <i
                                                        class="fa fa-comments-o i-bo-pad fa-li-po pr8" />
                                                    <a
                                                        href="https://www.openeducat.org/page/features/discussion">Discussion
                                                    </a>
                                                </li>
                                                <li class="li-bo-border">
                                                    <i
                                                        class="fa fa-newspaper-o i-bo-pad fa-li-po pr8" />
                                                    <a
                                                        href="https://www.openeducat.org/page/features/news">News Portal
                                                    </a>
                                                </li>
                                                <li class="li-bo-border">
                                                    <i
                                                        class="fa fa-bar-chart i-bo-pad fa-li-po pr8" />
                                                    <a
                                                        href="https://www.openeducat.org/page/features/poll">Poll</a>
                                                </li>
                                                <li class="li-bo-border">
                                                    <i
                                                        class="fa fa-bullhorn i-bo-pad fa-li-po pr8" />
                                                    <a
                                                        href="https://www.openeducat.org/page/features/blog">Blog</a>
                                                </li>
                                            </ul>
                                        </div>
                                        <div class="col-md-3">
                                            <ul class="list-unstyled mb32">
                                                <li class="btm-li-border">
                                                    <h5>
                                                        <strong>
                                                            Enterprise
                                                            Level ERP
                                                        </strong>
                                                    </h5>
                                                </li>
                                                <li class="li-bo-border">
                                                    <i
                                                        class="fa fa-money i-bo-pad fa-li-po pr8" />
                                                    <a
                                                        href="https://www.openeducat.org/page/features/accounting">Accounting
                                                    </a>
                                                </li>
                                                <li class="li-bo-border">
                                                    <i
                                                        class="fa fa-area-chart i-bo-pad fa-li-po pr8" />
                                                    <a
                                                        href="https://www.openeducat.org/page/features/sales">Sales</a>
                                                </li>
                                                <li class="li-bo-border">
                                                    <i
                                                        class="fa fa-credit-card i-bo-pad fa-li-po pr8" />
                                                    <a
                                                        href="https://www.openeducat.org/page/features/payroll">Payroll</a>
                                                </li>
                                                <li class="li-bo-border">
                                                    <i
                                                        class="fa fa-cart-arrow-down i-bo-pad fa-li-po pr8" />
                                                    <a
                                                        href="https://www.openeducat.org/page/features/purchase">Purchase
                                                    </a>
                                                </li>
                                                <li class="li-bo-border">
                                                    <i
                                                        class="fa fa-gears i-bo-pad fa-li-po pr8" />
                                                    <a
                                                        href="https://www.openeducat.org/page/features/stock">Stock</a>
                                                </li>
                                                <li class="li-bo-border">
                                                    <i
                                                        class="fa fa-male i-bo-pad fa-li-po pr8" />
                                                    <a
                                                        href="https://www.openeducat.org/page/features/crm">CRM</a>
                                                </li>
                                            </ul>
                                        </div>
                                        <div class="col-md-3">
                                            <ul class="list-unstyled mb32">
                                                <div class="text-invisible">
                                                    <h5>
                                                        <strong>
                                                            Enterprise
                                                            Level ERP
                                                        </strong>
                                                    </h5>
                                                </div>
                                                <li class="li-bo-border">
                                                    <i
                                                        class="fa fa-cart-plus i-bo-pad fa-li-po pr8" />
                                                    <a
                                                        href="https://www.openeducat.org/page/features/ecommerce">E-Commerce
                                                    </a>
                                                </li>
                                                <li class="li-bo-border">
                                                    <i
                                                        class="fa fa-paper-plane-o i-bo-pad fa-li-po pr8" />
                                                    <a
                                                        href="https://www.openeducat.org/page/features/email-integration">E-mail
                                                        Integration
                                                    </a>
                                                </li>
                                                <li class="li-bo-border">
                                                    <i
                                                        class="fa fa-envelope-o i-bo-pad fa-li-po pr8" />
                                                    <a
                                                        href="https://www.openeducat.org/page/features/email-marketing">E-mail
                                                        Marketing
                                                    </a>
                                                </li>
                                                <li class="li-bo-border">
                                                    <i
                                                        class="fa fa-check i-bo-pad fa-li-po pr8" />
                                                    <a
                                                        href="https://www.openeducat.org/page/features/recruitment">Recruitment
                                                    </a>
                                                </li>
                                                <li class="li-bo-border">
                                                    <i
                                                        class="fa fa-calculator i-bo-pad fa-li-po pr8" />
                                                    <a
                                                        href="https://www.openeducat.org/page/features/expense">Expense</a>
                                                </li>
                                                <li class="li-bo-border">
                                                    <i
                                                        class="fa fa-trophy i-bo-pad fa-li-po pr8" />
                                                    <a
                                                        href="https://www.openeducat.org/page/features/appraisals">Appraisals
                                                    </a>
                                                </li>
                                            </ul>
                                        </div>
                                        <div class="col-md-3">
                                            <ul class="list-unstyled mb32">
                                                <li class="btm-li-border">
                                                    <h5>
                                                        <strong>
                                                            Technical
                                                            <span
                                                                class="text-invisible">
                                                                ERP
                                                                Features
                                                            </span>
                                                        </strong>
                                                    </h5>
                                                </li>
                                                <li class="li-bo-border">
                                                    <i
                                                        class="fa fa-cloud-download i-bo-pad fa-li-po pr8" />
                                                    <a
                                                        href="https://www.openeducat.org/page/features/on-cloud-on-premise">On Cloud On
                                                        Premise
                                                    </a>
                                                </li>
                                                <li class="li-bo-border">
                                                    <i
                                                        class="fa fa-wrench i-bo-pad fa-li-po pr8" />
                                                    <a
                                                        href="https://www.openeducat.org/page/features/customizable">Customizable
                                                    </a>
                                                </li>
                                                <li class="li-bo-border">
                                                    <i
                                                        class="fa fa-shield i-bo-pad fa-li-po pr8" />
                                                    <a
                                                        href="https://www.openeducat.org/page/features/secure">Secure</a>
                                                </li>
                                                <li class="li-bo-border">
                                                    <i
                                                        class="fa fa-language i-bo-pad fa-li-po pr8" />
                                                    <a
                                                        href="https://www.openeducat.org/page/features/multilingual">Multi
                                                        Lingual
                                                    </a>
                                                </li>
                                                <li class="li-bo-border">
                                                    <i
                                                        class="fa fa-life-ring i-bo-pad fa-li-po pr8" />
                                                    <a
                                                        href="https://www.openeducat.org/page/features/multi-orgnization-support">Multi
                                                        Orgnization
                                                        Support
                                                    </a>
                                                </li>
                                                <li class="li-bo-border">
                                                    <i
                                                        class="fa fa-eur i-bo-pad fa-li-po pr8" />
                                                    <a
                                                        href="https://www.openeducat.org/page/features/multi-currency">Multi
                                                        Currency
                                                    </a>
                                                </li>
                                            </ul>
                                        </div>
                                    </div>
                                </div>
                            </div>
                        </div>
                    </ul>
                </li>
            </xpath>
        </template>

    </data>
</odoo>
