<?xml version="1.0" encoding="utf-8"?>
<odoo>
    <data noupdate="1">

        <record id="op_exam_attendees_1" model="op.exam.attendees">
            <field name="status">present</field>
            <field name="marks">55</field>
            <field name="exam_id" ref="op_exam_1" />
            <field name="student_id" ref="openeducat_core.op_student_1" />
        </record>

        <record id="op_exam_attendees_2" model="op.exam.attendees">
            <field name="status">present</field>
            <field name="marks">59</field>
            <field name="exam_id" ref="op_exam_1" />
            <field name="student_id" ref="openeducat_core.op_student_2" />
        </record>

        <record id="op_exam_attendees_3" model="op.exam.attendees">
            <field name="status">present</field>
            <field name="marks">75</field>
            <field name="exam_id" ref="op_exam_1" />
            <field name="student_id" ref="openeducat_core.op_student_3" />
        </record>

        <record id="op_exam_attendees_4" model="op.exam.attendees">
            <field name="status">present</field>
            <field name="marks">67</field>
            <field name="exam_id" ref="op_exam_1" />
            <field name="student_id" ref="openeducat_core.op_student_4" />
        </record>




        <record id="op_exam_attendees_5" model="op.exam.attendees">
            <field name="status">present</field>
            <field name="marks">45</field>
            <field name="exam_id" ref="op_exam_2" />
            <field name="student_id" ref="openeducat_core.op_student_1" />
        </record>

        <record id="op_exam_attendees_6" model="op.exam.attendees">
            <field name="status">present</field>
            <field name="marks">85</field>
            <field name="exam_id" ref="op_exam_2" />
            <field name="student_id" ref="openeducat_core.op_student_2" />
        </record>

        <record id="op_exam_attendees_7" model="op.exam.attendees">
            <field name="status">present</field>
            <field name="marks">65</field>
            <field name="exam_id" ref="op_exam_2" />
            <field name="student_id" ref="openeducat_core.op_student_3" />
        </record>

        <record id="op_exam_attendees_8" model="op.exam.attendees">
            <field name="status">absent</field>
            <field name="marks">0</field>
            <field name="exam_id" ref="op_exam_2" />
            <field name="student_id" ref="openeducat_core.op_student_4" />
        </record>





        <record id="op_exam_attendees_9" model="op.exam.attendees">
            <field name="status">present</field>
            <field name="marks">55</field>
            <field name="exam_id" ref="op_exam_3" />
            <field name="student_id" ref="openeducat_core.op_student_1" />
        </record>

        <record id="op_exam_attendees_10" model="op.exam.attendees">
            <field name="status">present</field>
            <field name="marks">69</field>
            <field name="exam_id" ref="op_exam_3" />
            <field name="student_id" ref="openeducat_core.op_student_2" />
        </record>

        <record id="op_exam_attendees_11" model="op.exam.attendees">
            <field name="status">present</field>
            <field name="marks">84</field>
            <field name="exam_id" ref="op_exam_3" />
            <field name="student_id" ref="openeducat_core.op_student_3" />
        </record>

        <record id="op_exam_attendees_12" model="op.exam.attendees">
            <field name="status">present</field>
            <field name="marks">58</field>
            <field name="exam_id" ref="op_exam_3" />
            <field name="student_id" ref="openeducat_core.op_student_4" />
        </record>





        <record id="op_exam_attendees_13" model="op.exam.attendees">
            <field name="status">present</field>
            <field name="marks">88</field>
            <field name="exam_id" ref="op_exam_4" />
            <field name="student_id" ref="openeducat_core.op_student_1" />
        </record>

        <record id="op_exam_attendees_14" model="op.exam.attendees">
            <field name="status">present</field>
            <field name="marks">83</field>
            <field name="exam_id" ref="op_exam_4" />
            <field name="student_id" ref="openeducat_core.op_student_2" />
        </record>

        <record id="op_exam_attendees_15" model="op.exam.attendees">
            <field name="status">present</field>
            <field name="marks">57</field>
            <field name="exam_id" ref="op_exam_4" />
            <field name="student_id" ref="openeducat_core.op_student_3" />
        </record>

        <record id="op_exam_attendees_16" model="op.exam.attendees">
            <field name="status">present</field>
            <field name="marks">47</field>
            <field name="exam_id" ref="op_exam_4" />
            <field name="student_id" ref="openeducat_core.op_student_4" />
        </record>




        <record id="op_exam_attendees_17" model="op.exam.attendees">
            <field name="status">present</field>
            <field name="marks">56</field>
            <field name="exam_id" ref="op_exam_5" />
            <field name="student_id" ref="openeducat_core.op_student_9" />
        </record>

        <record id="op_exam_attendees_18" model="op.exam.attendees">
            <field name="status">present</field>
            <field name="marks">77</field>
            <field name="exam_id" ref="op_exam_5" />
            <field name="student_id" ref="openeducat_core.op_student_10" />
        </record>

        <record id="op_exam_attendees_19" model="op.exam.attendees">
            <field name="status">absent</field>
            <field name="marks">0</field>
            <field name="exam_id" ref="op_exam_5" />
            <field name="student_id" ref="openeducat_core.op_student_11" />
        </record>

        <record id="op_exam_attendees_20" model="op.exam.attendees">
            <field name="status">present</field>
            <field name="marks">65</field>
            <field name="exam_id" ref="op_exam_5" />
            <field name="student_id" ref="openeducat_core.op_student_12" />
        </record>



        <record id="op_exam_attendees_21" model="op.exam.attendees">
            <field name="status">present</field>
            <field name="marks">55</field>
            <field name="exam_id" ref="op_exam_6" />
            <field name="student_id" ref="openeducat_core.op_student_9" />
        </record>

        <record id="op_exam_attendees_22" model="op.exam.attendees">
            <field name="status">present</field>
            <field name="marks">68</field>
            <field name="exam_id" ref="op_exam_6" />
            <field name="student_id" ref="openeducat_core.op_student_10" />
        </record>

        <record id="op_exam_attendees_23" model="op.exam.attendees">
            <field name="status">present</field>
            <field name="marks">61</field>
            <field name="exam_id" ref="op_exam_6" />
            <field name="student_id" ref="openeducat_core.op_student_11" />
        </record>

        <record id="op_exam_attendees_24" model="op.exam.attendees">
            <field name="status">present</field>
            <field name="marks">61</field>
            <field name="exam_id" ref="op_exam_6" />
            <field name="student_id" ref="openeducat_core.op_student_12" />
        </record>



        <record id="op_exam_attendees_25" model="op.exam.attendees">
            <field name="status">present</field>
            <field name="marks">85</field>
            <field name="exam_id" ref="op_exam_7" />
            <field name="student_id" ref="openeducat_core.op_student_9" />
        </record>

        <record id="op_exam_attendees_26" model="op.exam.attendees">
            <field name="status">present</field>
            <field name="marks">54</field>
            <field name="exam_id" ref="op_exam_7" />
            <field name="student_id" ref="openeducat_core.op_student_10" />
        </record>

        <record id="op_exam_attendees_27" model="op.exam.attendees">
            <field name="status">present</field>
            <field name="marks">59</field>
            <field name="exam_id" ref="op_exam_7" />
            <field name="student_id" ref="openeducat_core.op_student_11" />
        </record>

        <record id="op_exam_attendees_28" model="op.exam.attendees">
            <field name="status">present</field>
            <field name="marks">65</field>
            <field name="exam_id" ref="op_exam_7" />
            <field name="student_id" ref="openeducat_core.op_student_12" />
        </record>




        <record id="op_exam_attendees_29" model="op.exam.attendees">
            <field name="status">present</field>
            <field name="marks">55</field>
            <field name="exam_id" ref="op_exam_8" />
            <field name="student_id" ref="openeducat_core.op_student_9" />
        </record>

        <record id="op_exam_attendees_30" model="op.exam.attendees">
            <field name="status">present</field>
            <field name="marks">77</field>
            <field name="exam_id" ref="op_exam_8" />
            <field name="student_id" ref="openeducat_core.op_student_10" />
        </record>

        <record id="op_exam_attendees_31" model="op.exam.attendees">
            <field name="status">present</field>
            <field name="marks">79</field>
            <field name="exam_id" ref="op_exam_8" />
            <field name="student_id" ref="openeducat_core.op_student_11" />
        </record>

        <record id="op_exam_attendees_32" model="op.exam.attendees">
            <field name="status">present</field>
            <field name="marks">68</field>
            <field name="exam_id" ref="op_exam_8" />
            <field name="student_id" ref="openeducat_core.op_student_12" />
        </record>

    </data>
</odoo>
