<?xml version="1.0" encoding="utf-8"?>
<odoo>
    <data>
        <record id="op_grade_configuration_1" model="op.grade.configuration">
            <field name="min_per">85</field>
            <field name="max_per">100</field>
            <field name="result">A+</field>
        </record>

        <record id="op_grade_configuration_2" model="op.grade.configuration">
            <field name="min_per">75</field>
            <field name="max_per">84</field>
            <field name="result">A</field>
        </record>

        <record id="op_grade_configuration_3" model="op.grade.configuration">
            <field name="min_per">65</field>
            <field name="max_per">74</field>
            <field name="result">B+</field>
        </record>

        <record id="op_grade_configuration_4" model="op.grade.configuration">
            <field name="min_per">55</field>
            <field name="max_per">64</field>
            <field name="result">B</field>
        </record>

        <record id="op_grade_configuration_5" model="op.grade.configuration">
            <field name="min_per">40</field>
            <field name="max_per">54</field>
            <field name="result">C</field>
        </record>

        <record id="op_grade_configuration_6" model="op.grade.configuration">
            <field name="min_per">25</field>
            <field name="max_per">39</field>
            <field name="result">D</field>
        </record>

        <record id="op_grade_configuration_7" model="op.grade.configuration">
            <field name="min_per">0</field>
            <field name="max_per">24</field>
            <field name="result">E</field>
        </record>

    </data>
</odoo>
