<?xml version="1.0" encoding="utf-8"?>
<odoo>
    <data>
        <record id="op_marksheet_line_1" model="op.marksheet.line">
            <field name="marksheet_reg_id" ref="op_marksheet_register_1" />
            <field name="student_id" ref="openeducat_core.op_student_1" />
            <field name="total_marks">243.0</field>
            <field name="total_per">60.75</field>
            <field name="result">Second Class</field>
        </record>

        <record id="op_marksheet_line_2" model="op.marksheet.line">
            <field name="marksheet_reg_id" ref="op_marksheet_register_1" />
            <field name="student_id" ref="openeducat_core.op_student_2" />
            <field name="total_marks">296.0</field>
            <field name="total_per">74.0</field>
            <field name="result">First Class</field>
        </record>

        <record id="op_marksheet_line_3" model="op.marksheet.line">
            <field name="marksheet_reg_id" ref="op_marksheet_register_1" />
            <field name="student_id" ref="openeducat_core.op_student_3" />
            <field name="total_marks">281.00</field>
            <field name="total_per">70.25</field>
            <field name="result">First Class</field>
        </record>

        <record id="op_marksheet_line_4" model="op.marksheet.line">
            <field name="marksheet_reg_id" ref="op_marksheet_register_1" />
            <field name="student_id" ref="openeducat_core.op_student_4" />
            <field name="total_marks">172.00</field>
            <field name="total_per">43.00</field>
            <field name="result">First Class</field>
        </record>


        <record id="op_marksheet_line_5" model="op.marksheet.line">
            <field name="marksheet_reg_id" ref="op_marksheet_register_2" />
            <field name="student_id" ref="openeducat_core.op_student_9" />
            <field name="total_marks">251.00</field>
            <field name="total_per">62.75</field>
            <field name="result">Second Class</field>
        </record>

        <record id="op_marksheet_line_6" model="op.marksheet.line">
            <field name="marksheet_reg_id" ref="op_marksheet_register_2" />
            <field name="student_id" ref="openeducat_core.op_student_10" />
            <field name="total_marks">276.00</field>
            <field name="total_per">69.00</field>
            <field name="result">Second Class</field>
        </record>


        <record id="op_marksheet_line_7" model="op.marksheet.line">
            <field name="marksheet_reg_id" ref="op_marksheet_register_2" />
            <field name="student_id" ref="openeducat_core.op_student_11" />
            <field name="total_marks">199.00</field>
            <field name="total_per">49.75</field>
            <field name="result">First Class</field>
        </record>

        <record id="op_marksheet_line_8" model="op.marksheet.line">
            <field name="marksheet_reg_id" ref="op_marksheet_register_2" />
            <field name="student_id" ref="openeducat_core.op_student_11" />
            <field name="total_marks">259.00</field>
            <field name="total_per">64.75</field>
            <field name="result">Second Class</field>
        </record>
    </data>
</odoo>
