<?xml version="1.0" encoding="utf-8"?>
<odoo>
    <data noupdate="1">

        <record id="op_facility_line_1" model="op.facility.line">
            <field name="quantity">2</field>
            <field name="classroom_id" ref="op_classroom_1" />
            <field name="facility_id" ref="openeducat_facility.op_facility_1" />
        </record>

        <record id="op_facility_line_2" model="op.facility.line">
            <field name="quantity">1</field>
            <field name="classroom_id" ref="op_classroom_1" />
            <field name="facility_id" ref="openeducat_facility.op_facility_2" />
        </record>

        <record id="op_facility_line_3" model="op.facility.line">
            <field name="quantity">1</field>
            <field name="classroom_id" ref="op_classroom_1" />
            <field name="facility_id" ref="openeducat_facility.op_facility_3" />
        </record>

        <record id="op_facility_line_4" model="op.facility.line">
            <field name="quantity">2</field>
            <field name="classroom_id" ref="op_classroom_2" />
            <field name="facility_id" ref="openeducat_facility.op_facility_1" />
        </record>

        <record id="op_facility_line_5" model="op.facility.line">
            <field name="quantity">1</field>
            <field name="classroom_id" ref="op_classroom_2" />
            <field name="facility_id" ref="openeducat_facility.op_facility_2" />
        </record>

        <record id="op_facility_line_6" model="op.facility.line">
            <field name="quantity">1</field>
            <field name="classroom_id" ref="op_classroom_3" />
            <field name="facility_id" ref="openeducat_facility.op_facility_3" />
        </record>

        <record id="op_facility_line_7" model="op.facility.line">
            <field name="quantity">1</field>
            <field name="classroom_id" ref="op_classroom_4" />
            <field name="facility_id" ref="openeducat_facility.op_facility_1" />
        </record>

    </data>
</odoo>
