<?xml version="1.0" encoding="utf-8"?>
<odoo>
    <data noupdate="1">

        <record id="op_assignment_type_1" model="op.assignment.type">
            <field name="name">External Assignment</field>
            <field name="code">ea</field>
        </record>

        <record id="op_assignment_type_2" model="op.assignment.type">
            <field name="name">Internal Assignment</field>
            <field name="code">ia</field>
        </record>

        <record id="op_assignment_type_3" model="op.assignment.type">
            <field name="name">Project Assignment</field>
            <field name="code">pa</field>
        </record>

    </data>
</odoo>
