<?xml version="1.0" encoding="UTF-8"?>
<odoo>
    <data>
        <record id="new_paperformat_custom_library_report"
            model="report.paperformat">
            <field name="name">Library</field>
            <field name="default" eval="True" />
            <field name="format">A4</field>
            <field name="page_height">0</field>
            <field name="page_width">0</field>
            <field name="orientation">Landscape</field>
            <field name="margin_top">10</field>
            <field name="margin_bottom">35</field>
            <field name="margin_left">10</field>
            <field name="margin_right">10</field>
            <field name="header_spacing">17</field>
            <field name="dpi">90</field>
        </record>
    </data>
</odoo>
