<?xml version="1.0" encoding="utf-8"?>
<odoo>
    <data noupdate="1">
        <record id="openeducat_core.op_course_1" model="op.course">
            <field name="fees_term_id" ref="op_fees_term_1" />
        </record>

        <record id="openeducat_core.op_course_2" model="op.course">
            <field name="fees_term_id" ref="op_fees_term_1" />
        </record>

        <record id="openeducat_core.op_course_3" model="op.course">
            <field name="fees_term_id" ref="op_fees_term_1" />
        </record>

        <record id="openeducat_core.op_course_4" model="op.course">
            <field name="fees_term_id" ref="op_fees_term_2" />
        </record>

        <record id="openeducat_core.op_course_5" model="op.course">
            <field name="fees_term_id" ref="op_fees_term_3" />
        </record>

        <record id="openeducat_core.op_course_6" model="op.course">
            <field name="fees_term_id" ref="op_fees_term_3" />
        </record>
    </data>
</odoo>
